SMILES,Common_Name,Best_Affinity_(kcal/mol),CID
COc1ccc2c(c1)[C@]1(C[C@H]1c1ccc3c(/C=C/c4ccc(CN5C[C@@H](C)O[C@@H](C)C5)cc4)n[nH]c3c1)C(=O)N2,Ocifisertib,-9.795,58486178.0
COc1ccc2c(Oc3ccc4c(C(=O)Nc5ccccc5N)cccc4c3)ccnc2c1,Chiauranib,-9.703,49779393.0
Cc1ccc(F)c(NC(=O)Nc2ccc(-c3cccc4[nH]nc(N)c34)cc2)c1,Linifanib,-9.173,11485656.0
CCc1c2c(nc3ccc(OC(=O)N4CCC(N5CCCCC5)CC4)cc13)-c1cc3c(c(=O)n1C2)COC(=O)[C@]3(O)CC,Irinotecan,-9.144,60838.0
Cc1ccc(NC(=O)C2(c3ccc4c(c3)OC(F)(F)O4)CC2)nc1-c1cccc(C(=O)O)c1,Lumacaftor,-9.041,16678941.0
COc1cc2ncnc(Oc3cccc(NC(=O)Nc4cc(C(C)(C)C(F)(F)F)on4)c3)c2cc1OC,Agerafenib,-9.035,56846693.0
O=C(c1c(F)ccc(NS(=O)(=O)N2CC[C@@H](F)C2)c1F)c1c[nH]c2ncc(-c3cnc(C4CC4)nc3)cc12,PLX8394,-9.005,90116675.0
Cn1c(=O)n(-c2ccc(C(C)(C)C#N)cc2)c2c3cc(-c4cnc5ccccc5c4)ccc3ncc21,Dactolisib,-8.942,11977753.0
O=C1CCc2c(Oc3ccc4c(c3)[C@@H]3[C@H](O4)[C@H]3c3nc4ccc(C(F)(F)F)cc4[nH]3)ccnc2N1,Lifirafenib,-8.907,89670174.0
C[C@H](Nc1ncnc2[nH]cnc12)c1cc2cccc(Cl)c2c(=O)n1-c1ccccc1,Duvelisib,-8.811,50905713.0
CCOc1ccc2c(-c3cccc(F)c3)nn(CC(=O)N(C)c3ccc4nc(C)oc4c3)c(=O)c2c1,FDL169,-8.798,86298861.0
c1ccc2nc(COc3ccc(-c4n[nH]cc4Cc4ccncc4)cc3)ccc2c1,2-({4-[4-(pyridin-4-ylmethyl)-1H-pyrazol-3-yl]phenoxy}methyl)quinoline,-8.797,44141871.0
CNc1nc(-c2cccc(NC(=O)c3ccc(C(=O)OC)cc3)c2)c2cc(OC)c(OC)cc2n1,E-6005,-8.769,24864553.0
COC(=O)c1c(O)cccc1OC/C=C/c1ccc(F)c(-c2cc(C(=O)O)no2)c1,"5-(2-Fluoro-5-{(1E)-3-[3-hydroxy-2-(methoxycarbonyl)phenoxy]-1-propen-1-yl}phenyl)-1,2-oxazole-3-carboxylic acid",-8.749,447994.0
FC(F)(c1ccc2ncccc2c1)c1nnc2ccc(-c3ccncc3)nn12,JNJ-38877618,-8.737,57654476.0
CNC(=O)c1ccc(-c2cnc3ncc(Cc4ccc5ncccc5c4)n3n2)cc1F,Capmatinib,-8.736,25145656.0
Cn1c(COc2ccc(CC3SC(=O)NC3=O)cc2)nc2ccccc2c1=O,Balaglitazone,-8.723,9889200.0
C[C@@]1(c2cc(NC(=O)c3ccc(C#N)cn3)ccc2F)C=CSC(N)=N1,Atabecestat,-8.715,68254185.0
CC(C)NC(=O)COc1cccc(-c2nc(Nc3ccc4[nH]ncc4c3)c3ccccc3n2)c1,Belumosudil,-8.701,11950170.0
Cn1cc(-c2ccc3nnc(C(F)(F)c4ccc5ncccc5c4)n3n2)cn1,JNJ-38877605,-8.697,46911863.0
O=C(Nc1cccc(-c2n[nH]c3ccc(-c4nc[nH]n4)cc23)c1)c1ccco1,"N-{3-[5-(1H-1,2,4-triazol-3-yl)-1H-indazol-3-yl]phenyl}furan-2-carboxamide",-8.696,22479942.0
O=C1OC(c2ccc(O)c(Br)c2)(c2ccc(O)c(Br)c2)c2cccc3c(Cl)ccc1c23,"4-CHLORO-3',3''-DIBROMOPHENOL-1,8-NAPHTHALEIN",-8.694,5288329.0
Nc1nc(=O)c2cc(C[C@@H](C(=O)O)c3ccc(C(=O)N[C@@H](CCC(=O)O)C(=O)O)cc3)ccc2[nH]1,"(10R)-10-formyl-5,8,10-trideazafolic acid",-8.632,135460968.0
Cc1c(C(=O)Nc2ccc(N3C[C@@H](C)O[C@@H](C)C3)nc2)cccc1-c1ccc(OC(F)(F)F)cc1,Sonidegib,-8.631,24775005.0
O=C(N/N=C/c1cc(Br)c(O)c(Br)c1O)c1ccc2ccccc2c1,"N'-[(1E)-(3,5-dibromo-2,4-dihydroxyphenyl)methylidene]naphthalene-2-carbohydrazide",-8.627,135867735.0
O=C(c1ccccn1)[C@]12Cc3cnn(-c4ccc(F)cc4)c3C=C1CCN(S(=O)(=O)c1ccc(C(F)(F)F)cc1)C2,Dazucorilant,-8.612,72192163.0
Cc1ccc2c(-c3nc(Nc4cc(CN5C[C@@H](C)N[C@@H](C)C5)cc(C5CC5)c4)ncc3Cl)c[nH]c2c1,Tuspetinib,-8.605,135390910.0
O=C(NO)c1cnc(N2C[C@@H]3[C@H](C2)[C@H]3NCc2ccc3cc(F)ccc3n2)nc1,Nanatinostat,-8.597,49857317.0
O=C1Nc2ccc(-c3cnco3)cc2/C1=C/Nc1ccc2c(c1)CS(=O)(=O)C2,"3-{[(2,2-dioxido-1,3-dihydro-2-benzothien-5-yl)amino]methylene}-5-(1,3-oxazol-5-yl)-1,3-dihydro-2H-indol-2-one",-8.581,4477130.0
O=C1/C(=N\O)c2c(/C=C/c3ccccc3)cccc2N1Cc1cc(F)cc2c1OCOC2,"(3Z)-1-[(6-fluoro-4H-1,3-benzodioxin-8-yl)methyl]-4-[(E)-2-phenylethenyl]-1H-indole-2,3-dione 3-oxime",-8.573,135908256.0
Cc1cccc(-c2nc(Nc3ccc4[nH]ncc4c3)c3ccccc3n2)n1,N-1H-indazol-5-yl-2-(6-methylpyridin-2-yl)quinazolin-4-amine,-8.57,9998128.0
CC[C@@]1(O)C(=O)OCc2c1cc1n(c2=O)Cc2c-1nc1ccccc1c2/C=N/OC(C)(C)C,Gimatecan,-8.567,9577124.0
O=C(O)CCn1c2ccc(O)cc2c2c3c(c(-c4ccccc4)cc21)C(=O)NC3=O,"3-(9-HYDROXY-1,3-DIOXO-4-PHENYL-2,3-DIHYDROPYRROLO[3,4-C]CARBAZOL-6(1H)-YL)PROPANOIC ACID",-8.541,9978312.0
O=C(Nc1ccccc1-c1cn2c(CN3CCNCC3)csc2n1)c1cnc2ccccc2n1,SRT-1720,-8.537,24180125.0
Nc1nc(O)c2nn(-c3cccc(C(=O)NCc4cc(Cl)cc(Cl)c4)c3)nc2n1,"3-(5-amino-7-hydroxy-[1,2,3]triazolo[4,5-d]pyrimidin-2-yl)-N-(3,5-dichlorobenzyl)-benzamide",-8.527,135460975.0
Cc1cn2nc(-c3cc(=O)n4cc(N5CCNC6(CC6)C5)ccc4n3)cc(C)c2n1,Risdiplam,-8.508,118513932.0
COc1cccc(CNc2ccc(S(=O)(=O)Nc3nc4ccccc4s3)cc2)c1O,VLX-1005,-8.501,70701426.0
N[C@H](COc1cncc2nc(-c3ccncc3)ccc12)Cc1c[nH]c2ccccc12,"(1S)-1-(1H-INDOL-3-YLMETHYL)-2-(2-PYRIDIN-4-YL-[1,7]NAPHTYRIDIN-5-YLOXY)-EHYLAMINE",-8.498,6914614.0
O=CNc1ccc2[nH]c3cc(-c4ccccc4Cl)c4c(c3c2c1)C(=O)NC4=O,"N-[4-(2-CHLOROPHENYL)-1,3-DIOXO-1,2,3,6-TETRAHYDROPYRROLO[3,4-C]CARBAZOL-9-YL]FORMAMIDE",-8.494,24778473.0
CC1(C)CCC(CN2CCN(c3ccc(C(=O)NS(=O)(=O)c4ccc(NCC5CCOCC5)c([N+](=O)[O-])c4)c(Oc4cnc5[nH]ccc5c4)c3)CC2)=C(c2ccc(Cl)cc2)C1,Venetoclax,-8.485,49846579.0
O=C(N/N=C/c1ccc(O)c(O)c1)c1cc2ccccc2cc1O,Dynasore,-8.42,135533054.0
Cc1c(C(=O)Nc2ccc(Oc3ccnc4cc(OCC(C)(C)O)ccc34)c(F)c2)c(=O)n(-c2ccccc2)n1C,Ningetinib,-8.416,60165029.0
O=S(=O)(O)c1cccc2cccc(Nc3ccccc3)c12,8-anilinonaphthalene-1-sulfonic acid,-8.398,1369.0
Nc1ccc2c(c1)c(-c1ccccc1)[n+](CCCCCCc1cn(CCNc3c4c(nc5ccccc35)CCCC4)nn1)c1cc(N)ccc21,"3,8-Diamino-6-Phenyl-5-[6-[1-[2-[(1,2,3,4-Tetrahydro-9-Acridinyl)Amino]Ethyl]-1h-1,2,3-Triazol-4-Yl]Hexyl]-Phenanthridinium",-8.384,5289507.0
NC(=O)c1cccc(Nc2nccc(Nc3c(Cl)ccc4c3OCO4)n2)c1,"3-({4-[(5-CHLORO-1,3-BENZODIOXOL-4-YL)AMINO]PYRIMIDIN-2-YL}AMINO)BENZAMIDE",-8.373,24861080.0
Cc1nc(C)c(-c2[nH]nc3c2C(=O)c2c(NC(=O)NN4CCN(C)CC4)cccc2-3)s1,"1-(3-(2,4-DIMETHYLTHIAZOL-5-YL)-4-OXO-2,4-DIHYDROINDENO[1,2-C]PYRAZOL-5-YL)-3-(4-METHYLPIPERAZIN-1-YL)UREA",-8.353,5288018.0
COc1ccc(S(=O)(=O)Nc2cc(-c3c(O)ccc4ccccc34)c(O)c3ccccc23)cc1,TTI-101,-8.348,1324494.0
CN(C)CCC=C1c2ccccc2OCc2c1oc1ccccc21,Oxetorone,-8.336,36846.0
CC(=O)[C@]1(N)Cc2c(O)c3c(c(O)c2[C@@H](O[C@H]2C[C@H](O)[C@H](O)CO2)C1)C(=O)c1ccccc1C3=O,Amrubicin,-8.323,3035016.0
Cn1c(Nc2ccc(C(F)(F)F)cc2)nc2cc(Oc3ccnc(-c4ncc(C(F)(F)F)[nH]4)c3)ccc21,RAF-265,-8.322,11656518.0
COc1cc(-c2ccc3c(c2)NC(=O)/C3=C\c2ccc[nH]2)ccc1O,"(3Z)-6-(4-HYDROXY-3-METHOXYPHENYL)-3-(1H-PYRROL-2-YLMETHYLENE)-1,3-DIHYDRO-2H-INDOL-2-ONE",-8.308,10125830.0
C#CCN(Cc1cc2c(=O)nc(C)[nH]c2cc1C)c1ccc(C(=O)N[C@@H](CCc2nnn[nH]2)C(=O)O)c(F)c1,Plevitrexed,-8.286,135430970.0
CNC(=O)c1cc(Oc2ccc(NC(=O)Nc3cc(C(C)(C)C)nn3-c3ccc4ncccc4c3)c(F)c2)ccn1,Rebastinib,-8.267,25066467.0
COc1ccc2c(OCc3nnc4ccc(-c5ccccc5)nn34)ccnc2c1,AMG-208,-8.241,24864821.0
CC(C)c1noc(N2CCC(COc3ccc(-c4ccc(S(C)(=O)=O)cc4)nc3)CC2)n1,GSK-1292263,-8.238,24996872.0
O=P(O)(O)C(F)(F)c1ccc(C[C@](C/C=C/c2ccccc2)(c2nc3ccccc3s2)n2nnc3ccccc32)cc1,"{4-[(2s,4e)-2-(1,3-Benzothiazol-2-Yl)-2-(1h-1,2,3-Benzotriazol-1-Yl)-5-Phenylpent-4-Enyl]Phenyl}(Difluoro)Methylphosphonic Acid",-8.234,448025.0
[H]/N=C1/S/C(=C\c2ccc(-c3ccc4c(c3)C(=O)N=C4O)o2)C(=O)N1c1ccc(Br)cc1,Bioymifi,-8.211,70678419.0
Nc1nc(=O)c2c(CCc3ccc(C(=O)N[C@@H](CCC(=O)O)C(=O)O)cc3)c[nH]c2[nH]1,Pemetrexed,-8.198,135410875.0
COc1cc(NCc2ccc3nc(N)nc(N)c3c2C)cc(OC)c1OC,Trimetrexate,-8.18,5583.0
O=C1N2C=C(c3ccc(O)cc3)N[C@@H](Cc3ccccc3)C2=N[C@@]1(Cc1ccc2ccccc2c1)OO,N-Coeleneterazine,-8.172,49866868.0
C[C@H](O)[C@H](N)c1nc(Cc2c[nH]c3cccc(F)c23)c(O)n1CC(=O)O,[2-(1-Amino-2-Hydroxy-Propyl)-4-(4-Fluoro-1h-Indol-3-Ylmethyl)-5-Hydroxy-Imidazol-1-Yl]-Acetic Acid,-8.171,17753789.0
CN(C)c1cccc(-c2c3c(=O)n(-c4ccccc4Cl)[nH]c3cc(=O)n2C)c1,Setanaxib,-8.153,58496428.0
COc1ccc2nc(COc3ccc(CC4SC(=O)NC4=O)cc3)n(C)c2c1,Rivoglitazone,-8.152,3055168.0
Cc1c(NC(=O)NC(=O)c2ccc(Cl)cc2Cl)ccc(OCCCC(=O)O)c1C,"4-{4-[3-(2,4-DICHLORO-BENZOYL)-UREIDO]-2,3-DIMETHYL-PHENOXY}-BUTYRIC ACID",-8.134,5326886.0
CC1=NN(c2ccc(C)c(C)c2)C(=O)/C1=N\Nc1cccc(-c2cccc(C(=O)O)c2)c1O,Eltrombopag,-8.133,135449332.0
COc1cccc(C(=O)Nc2ccc3c(c2)CCN(C(=O)Oc2ccccc2)C3)c1-c1ccc(C(F)(F)F)cc1,SLx-4090,-8.13,53497429.0
CCc1nc(N)nc(N)c1-c1ccc(NCc2cc(F)cc(F)c2)cc1,"5-{4-[(3,5-DIFLUOROBENZYL)AMINO]PHENYL}-6-ETHYLPYRIMIDINE-2,4-DIAMINE",-8.124,6914633.0
COc1ccc(CSc2nnc(-c3ccc4c(c3)OCO4)o2)cc1F,"2-(1,3-benzodioxol-5-yl)-5-[(3-fluoro-4-methoxybenzyl)sulfanyl]-1,3,4-oxadiazole",-8.121,2079916.0
C[C@H](Nc1ncnc2[nH]cnc12)c1cc2ccc(F)cc2nc1-c1ccccn1,AMG-319,-8.116,68947304.0
CC(C)(O)Cn1nc(-c2ccccc2)c2c(Cl)c(-c3ccccc3)nnc21,BF-844,-8.101,66576257.0
O=C(Nc1c[nH]nc1-c1nc2ccccc2[nH]1)c1ccccc1,N-[3-(1H-BENZIMIDAZOL-2-YL)-1H-PYRAZOL-4-YL]BENZAMIDE,-8.096,135566361.0
Cc1ccc2c(c1)C(=O)[C@]1(O[C@@H](c3ccc(Cl)c(Cl)c3)[C@@H](C(=O)Nc3ccc(-c4csnn4)cc3)[C@H]1C(=O)O)C2=O,Bilh 434,-8.095,5287508.0
Nc1nc(=O)c(N)c(NC(=O)Nc2ccc(C(=O)N[C@@H](CCC(=O)O)C(=O)O)cc2)[nH]1,LY374571,-8.088,135461001.0
NS(=O)(=O)OC[C@H]1C[C@@H](Nc2ccnc3cc(-c4cccc(SC(F)(F)F)c4)nn23)[C@H](O)[C@@H]1O,TAK-243,-8.081,71715374.0
Cc1c(NC(=O)OC[C@@H]2COCCN2)cn2ncnc(Nc3ccc4c(cnn4Cc4cccc(F)c4)c3)c12,BMS-599626,-8.066,10437018.0
O=C(c1cccc(-c2nc3ccccc3[nH]2)n1)N1CCN(C(=O)c2cccc(-c3nc4ccccc4[nH]3)n2)CC1,Omilancor,-8.065,121299620.0
Nc1nccc(-c2ccc3noc(-c4ccc(Cl)cc4)c3c2)n1,"4-[3-(4-chlorophenyl)-2,1-benzisoxazol-5-yl]pyrimidin-2-amine",-8.058,2765355.0
N#CCC1CCN(c2nc(Nc3ccc(N4CCC(O)CC4)cc3)c3c(=O)[nH]ncc3n2)CC1,Gusacitinib,-8.053,71269142.0
Nc1ccc2c3c(cccc13)C(=O)NC2=O,"6-AMINO-BENZO[DE]ISOQUINOLINE-1,3-DIONE",-8.05,1720.0
Nc1ncc(-c2cnn(CCO)c2)c2scc(-c3ccc(NC(=O)Nc4cccc(F)c4)cc3)c12,Ilorasertib,-8.046,46207586.0
CNc1cc2[nH]c(=O)n(-c3ccc(NC(=O)NS(=O)(=O)c4ccc(Cl)s4)cc3)c(=O)c2cc1F,Elinogrel,-8.044,16066663.0
CS(=O)(=O)c1ccc(C(=O)Nc2ccc(Cl)c(-c3ccccn3)c2)c(Cl)c1,Vismodegib,-8.043,24776445.0
CC(C)(O)c1ccc2c(c1)/C(=C/CCN1CC[C@](O)(c3ccc(Cl)cc3)C(C)(C)C1)c1cccnc1CO2,MLN3897,-8.043,11527774.0
Cc1sc2c(c1C)C(c1ccc(Cl)cc1)=N[C@@H](CC(=O)Nc1ccc(O)cc1)c1nnc(C)n1-2,Birabresib,-8.022,9936746.0
CNc1cccc(NC(=O)N[C@@H]2N=C(c3ccccn3)c3ccccc3N(CC(=O)C(C)(C)C)C2=O)c1,Netazepide,-8.019,9870520.0
Oc1ccc2cc(-c3noc4cc(O)ccc34)ccc2c1,3-(6-HYDROXY-NAPHTHALEN-2-YL)-BENZO[D]ISOOXAZOL-6-OL,-8.005,5287551.0
Cc1ccccc1/N=N/c1ccc(/N=N/c2c(O)ccc3ccccc23)c(C)c1,Scarlet red,-8.0,62330.0
O=C(c1cc(-c2cc3c(cc2C(=O)N2Cc4ccccc4C[C@H]2CN2CCOCC2)OCO3)n2c1CCCC2)N(c1ccccc1)c1ccc(O)cc1,S-55746,-7.993,71654876.0
N#Cc1ccc(N/C(=N\CC(=O)O)NC(c2ccccc2)c2ccccc2)cc1,N-(P-CYANOPHENYL)-N'-DIPHENYLMETHYL-GUANIDINE-ACETIC ACID,-7.985,4447.0
Cc1c(CN(C)C(=O)/C=C/c2cnc3c(c2)CCC(=O)N3)oc2ccccc12,AFN-1252,-7.978,10407120.0
CCN1C(=CC=CC=Cc2sc3ccccc3[n+]2CC)Sc2ccccc21,Dithiazanine,-7.977,10579.0
Cn1c(=O)c(-c2c(Cl)cccc2Cl)cc2c[nH]c(=Nc3ccc(N4CCOCC4)cc3)nc21,PD-173952,-7.958,5328733.0
COc1ccc(Cl)c(Nc2nc3ccccc3nc2NS(=O)(=O)c2cccc(NC(=O)C(C)(C)N)c2)c1,Pilaralisib,-7.957,56599306.0
O=C(Cn1c(Cl)cnc(NCC(F)(F)c2cccc[n+]2[O-])c1=O)NCc1ccccc1F,"2-(6-CHLORO-3-{[2,2-DIFLUORO-2-(1-OXIDO-2-PYRIDINYL)ETHYL]AMINO}-2-OXO-1(2H)-PYRAZINYL)-N-[(2-FLUOROPHENYL)METHYL]ACETAMIDE",-7.952,656913.0
O=C(O)c1cc(N(Cc2ccccc2O)Cc2ccccc2O)ccc1O,Lavendustin b,-7.951,3895.0
CC(C)(N)C(=O)N[C@H](Cc1c[nH]c2ccccc12)C(=O)N[C@H](Cc1c[nH]c2ccccc12)NC=O,Macimorelin,-7.949,9804938.0
O=C1N(Cc2ccc(C(F)(F)F)o2)c2ccccc2[C@]12COc1cc3c(cc12)OCO3,Funapide,-7.944,49836093.0
NCCNc1cc(-c2ccc[nH]2)c2c3c(ccc(F)c13)NC2=O,5-[(2-AMINOETHYL)AMINO]-6-FLUORO-3-(1H-PYRROL-2-YL)BENZO[CD]INDOL-2(1H)-ONE,-7.942,447766.0
O=C(CCN1CCN(c2cccc(C(F)(F)F)c2)CC1)c1cc(O)c(O)c([N+](=O)[O-])c1,BIA,-7.936,4369285.0
O=C(Nc1ccccc1S(=O)(=O)Nc1ccc(Cl)cn1)c1ccc(-n2ccccc2=O)cc1,N-(2-(((5-CHLORO-2-PYRIDINYL)AMINO)SULFONYL)PHENYL)-4-(2-OXO-1(2H)-PYRIDINYL)BENZAMIDE,-7.926,24794406.0
CC(C)(CO)c1cc2cc(NC(=O)C3(c4ccc5c(c4)OC(F)(F)O5)CC3)c(F)cc2n1C[C@@H](O)CO,Tezacaftor,-7.924,46199646.0
N[C@@H](Cc1cc(N/C(=C/C=O)COc2ccc3ccccc3c2)c(O)cc1O)C(=O)O,2-Hydroxy-5-({1-[(2-Naphthyloxy)Methyl]-3-Oxoprop-1-Enyl}Amino)Tyrosine,-7.92,17754104.0
C#CCOc1ccc2c(c1)c(-c1ccc(C(C)C)cc1)nc(=O)n2Cc1ccc2nc(Br)cnc2c1,ATX-914,-7.916,119026214.0
O=C1NC(=O)c2c1c(-c1ccccc1)cc1[nH]c3ccc(O)cc3c21,"9-HYDROXY-4-PHENYL-6H-PYRROLO[3,4-C]CARBAZOLE-1,3-DIONE",-7.91,4369491.0
C=CCn1nc(-c2ccc(O)cc2O)c2cccc(C(F)(F)F)c21,"4-[1-allyl-7-(trifluoromethyl)-1H-indazol-3-yl]benzene-1,3-diol",-7.909,135461982.0
O=C(/C=C(\O)c1nc[nH]n1)c1ccc(Cc2ccc(F)cc2)o1,GW810781,-7.898,6451047.0
CCc1c2c(nc3ccc(OC(=O)N4CCC(CCn5ccc6cc(-n7c(-c8cc(C(C)C)c(O)cc8O)n[nH]c7=O)ccc65)CC4)cc13)-c1cc3c(c(=O)n1C2)COC(=O)[C@]3(O)CC,PEN-866,-7.89,135564925.0
Cc1c(NC(=O)c2cc(C(N)=O)nc3cc(F)ccc23)c(C(F)(F)F)nn1Cc1ccc(C#N)cc1,BAY-876,-7.888,118191391.0
COc1cc[nH]c1/C=C1\C(=O)Nc2ccc(F)c(C#C[C@@H](O)[C@@H](N)[C@@H](C)O)c21,"4-((3r,4s,5r)-4-Amino-3,5-Dihydroxy-Hex-1-Ynyl)-5-Fluoro-3-[1-(3-Methoxy-1h-Pyrrol-2-Yl)-Meth-(Z)-Ylidene]-1,3-Dihydro-Indol-2-One",-7.888,5288222.0
CO[C@@H](C)Cn1c(=O)n(C)c2cnc3ccc(-c4cncc(C(C)(C)O)c4)cc3c21,LY-3023414,-7.885,57519748.0
O=C1N=c2ccc3ncsc3c2=C1CNc1ccc(S(=O)(=O)Nc2ccccn2)cc1,"4-[(7-OXO-7H-THIAZOLO[5,4-E]INDOL-8-YLMETHYL)-AMINO]-N-PYRIDIN-2-YL-BENZENESULFONAMIDE",-7.881,1712.0
C=CC(=O)N1CCN(c2nc(=O)n(-c3c(C)ccnc3C(C)C)c3nc(-c4c(O)cccc4F)c(F)cc23)[C@@H](C)C1,Sotorasib,-7.87,137278711.0
O=S(=O)(Nc1cc(Cl)c(Oc2cnc3ccccc3c2)c(Cl)c1)c1ccc(Cl)cc1Cl,AMG-131,-7.867,10229498.0
Cc1ccc(O)cc1Nc1ccnc2cc(-c3csc(C=O)n3)ccc12,"4-{4-[(5-hydroxy-2-methylphenyl)amino]quinolin-7-yl}-1,3-thiazole-2-carbaldehyde",-7.86,23644582.0
COc1ccc2ccccc2c1/C=N/NC(=O)c1ccc(O)c(O)c1,"(E)-3,4-DIHYDROXY-N'-[(2-METHOXYNAPHTHALEN-1-YL)METHYLENE]BENZOHYDRAZIDE",-7.843,9562794.0
Cc1cc(-c2csc(Nc3ccc(C(=O)O)c(O)c3)n2)ccc1F,"4-{[4-(4-fluoro-3-methylphenyl)-1,3-thiazol-2-yl]amino}-2-hydroxybenzoic acid",-7.84,695906.0
CO[C@@H]1[C@@H](OC(=O)c2ccc(C)[nH]2)[C@@H](O)[C@H](Oc2ccc3c(O)c(NC(=O)c4ccc(O)c(CC=C(C)C)c4)c(=O)oc3c2Cl)OC1(C)C,Clorobiocin,-7.833,54706138.0
CO[C@]1(C(=O)N[C@@H](C)c2ccc(-n3cc(F)cn3)nc2)CC[C@H](c2nc(C)cc(Nc3cc(C)[nH]n3)n2)CC1,Pralsetinib,-7.832,129073603.0
CNC(=O)c1cc(Oc2ccc3nc(Nc4ccc(Cl)c(C(F)(F)F)c4)[nH]c3c2)ccn1,4-[[2-[[4-chloro-3-(trifluoromethyl)phenyl]amino]-3H-benzimidazol-5-yl]oxy]-N-methyl-pyridine-2-carboxamide,-7.803,11167118.0
COC(=O)[C@H](Cc1ccc(-n2c(=O)c3cc(N(C)C)ccc3n(C)c2=O)cc1)NC(=O)c1c(Cl)cccc1Cl,Carotegrast methyl,-7.803,9872780.0
Nc1ncnc2c1ncn2[C@@H]1O[C@H](COP(=O)(O)OC(=O)[C@@H](N)Cc2c[nH]c3ccccc23)[C@@H](O)[C@H]1O,Tryptophanyl-5'amp,-7.802,446202.0
NC(=[NH2+])c1ccc2[nH]c(-c3cc(OC(F)(F)F)ccc3[O-])nc2c1,CRA_9785,-7.801,447514.0
Nc1ncccc1-c1nc2ccc(-c3ccccc3)nc2n1-c1ccc(C2(N)CCC2)cc1,Miransertib,-7.801,53262401.0
COC(=O)Nc1nc2cc(C3(O)c4ccccc4C(=O)N3c3cc(Cl)ccc3C)ccc2[nH]1,BMS-908662,-7.801,56931136.0
CN(C)C1=CCC2=C(c3ccc(N4C(=O)C=CC4=O)cc3C(=O)O)c3ccc(N(C)C)cc3OC2=C1,Tmr,-7.797,5289288.0
O=c1cc(-c2cc(O)c(O)c(O)c2)oc2cc(O)cc(O)c12,Tricetin,-7.785,5281701.0
COc1c(O)cc2oc(-c3ccc(O)cc3)cc(=O)c2c1O,Hispidulin,-7.785,5281628.0
COc1ccc(-c2cc(=O)c3c(O)cc(O)cc3o2)cc1O,Diosmetin,-7.777,5281612.0
CN(Cc1cnc2nc(N)[nH]c(=O)c2n1)c1ccc(C(=O)N[C@@H](CCC(=O)O)C(=O)O)cc1,Methopterin,-7.777,135434845.0
CNC(=O)c1cc(Oc2ccc(NC(=O)Nc3ccc(Cl)c(C(F)(F)F)c3)c(F)c2)ccn1,Regorafenib,-7.77,11167602.0
O=C(Nc1ccc(OC(F)(F)F)cc1)c1sccc1NCc1ccnc2ccccc12,OSI-930,-7.766,9868037.0
COc1cc(-c2cc(=O)c3c(O)cc(O)c(CC=C(C)C)c3o2)ccc1O,Caflanone,-7.764,44562555.0
C[C@@H](O)[C@H](N)C1=N/C(=C\c2c[nH]c3ccccc23)C(=O)N1CC(=O)O,"[2-(1-amino-2-hydroxy-propyl)-4-(1H-indol-3-ylmethylene)-5-oxo-4,5-dihydro-imidazol-1-yl]-acetaldehyde",-7.745,155293194.0
CN1CCN(c2ccc(C(=O)Nc3n[nH]c4ccc(Cc5cc(F)cc(F)c5)cc34)c(NC3CCOCC3)c2)CC1,Entrectinib,-7.742,25141092.0
Cc1csc(-c2nnc(Nc3ccc(Oc4ncccc4-c4ccnc(N)n4)cc3)c3ccccc23)c1,AMG-900,-7.74,24856041.0
NS(=O)(=O)c1cccc(Nc2nccc(Nc3c(Cl)ccc4c3OCO4)n2)c1,"3-({4-[(5-chloro-1,3-benzodioxol-4-yl)amino]pyrimidin-2-yl}amino)benzenesulfonamide",-7.733,25011728.0
c1ccc2c(Cc3c[nH]c4ccccc34)c[nH]c2c1,"3,3'-diindolylmethane",-7.728,3071.0
CO[C@@H]1[C@@H](OC(N)=O)[C@@H](O)[C@H](Oc2ccc3c(O)c(NC(=O)c4ccc(O)c(CC=C(C)C)c4)c(=O)oc3c2C)OC1(C)C,Novobiocin,-7.723,54675769.0
O=C(NS(=O)(=O)c1ccc(NC[C@H]2COCCO2)c([N+](=O)[O-])c1)c1ccc(N2CCN(CC3=C(c4ccc(Cl)cc4)CC4(CCC4)CC3)CC2)cc1Oc1cnc2[nH]ccc2c1,Lisaftoclax,-7.72,137355972.0
Cc1ccc(Nc2nccc(N(C)c3ccc4c(C)n(C)nc4c3)n2)cc1S(N)(=O)=O,Pazopanib,-7.718,10113978.0
CNc1nc(NC2CCN(Cc3ccc4c(cc(C#N)n4C[C@H](C)N4CCN(S(C)(=O)=O)CC4)c3C)CC2)c2cc(CC(F)(F)F)sc2n1,Ziftomenib,-7.714,138497449.0
CNC(=O)c1cc(Oc2ccc(NC(=O)Nc3ccc(Cl)c(C(F)(F)F)c3)cc2)ccn1,Sorafenib,-7.711,216239.0
CC(/C=C/c1c(C)cc(O)c(C)c1C)=C\C=C\C(C)=C\C(=O)O,Ro 12-7310,-7.708,6438583.0
O=c1cc(-c2ccccc2)oc2cc(O)c(O)c(O)c12,Baicalein,-7.705,5281605.0
N=C(NC(=N)N1CCCC1)Nc1ccc(OC(F)(F)F)cc1,IM-156 free base,-7.7,78092899.0
O=C(Nc1cccc(S(=O)(=O)N2CCN(c3ccccn3)CC2)c1)Nc1nccs1,"1-{3-[(4-pyridin-2-ylpiperazin-1-yl)sulfonyl]phenyl}-3-(1,3-thiazol-2-yl)urea",-7.691,12087505.0
CC(C)=CCC/C(C)=C/CC/C(C)=C/CN1C(=O)c2cccc(O)c2Nc2c(O)cc(O)cc21,Diazepinomicin,-7.688,9868980.0
N=C1NC(=O)/C(=C/c2ccc(-c3ccc(C(=O)O)cc3)o2)S1,"4-{5-[(Z)-(2-IMINO-4-OXO-1,3-THIAZOLIDIN-5-YLIDENE)METHYL]FURAN-2-YL}BENZOIC ACID",-7.685,5951796.0
O=c1cc(-c2ccc(O)c(O)c2)oc2cc(O)cc(O)c12,Luteolin,-7.681,5280445.0
O=C(O)c1ccc(S(=O)(=O)N(Cc2ccc(OC(F)(F)F)cc2)c2ncc3ccccc3c2C2CC2)cc1,Elismetrep,-7.677,66548125.0
NS(=O)(=O)c1ccc(NC(=O)c2n[nH]c3ccccc23)cc1,N-(4-sulfamoylphenyl)-1H-indazole-3-carboxamide,-7.675,9926933.0
O=C(/C=C/c1ccc(CN(CCO)CCc2c[nH]c3ccccc23)cc1)NO,Dacinostat,-7.674,6445533.0
CC[C@]1(O)Cc2cc3c(c(O)c2[C@@H](O[C@H]2C[C@H](N(C)C)[C@H](O)[C@H](C)O2)C1)C(=O)c1c(O)cccc1C3=O,"10-(4-Dimethylamino-5-Hydroxy-6-Methyl-Tetrahydro-Pyran-2-Yloxy)-8-Ethyl-1,8,11-Trihydroxy-7,8,9,10-Tetrahydro-Naphthacene-5,12-Dione",-7.664,5287662.0
C=CC(=O)N[C@H]1C=C(C)c2c(-c3cnc4ccccc4c3)c3c(N)ncnc3n2C1,Zipalertinib,-7.661,117918742.0
CN(Cc1cnc2nc(=N)[nH]c(N)c2n1)c1ccc(C(=O)N[C@@H](CCC(=O)O)C(=O)O)cc1,Methotrexate,-7.654,126941.0
Nc1cc(Oc2ccc(NC(=O)NC(=O)Cc3ccc(F)cc3)cc2F)ccn1,N-({4-[(2-aminopyridin-4-yl)oxy]-3-fluorophenyl}carbamoyl)-2-(4-fluorophenyl)acetamide,-7.645,17748441.0
CC1=C(CC(=O)O)c2cc(F)ccc2/C1=C\c1ccc(S(C)(=O)=O)cc1,Exisulind,-7.644,5472495.0
FC(F)(F)c1ccc(COC(Cn2ccnc2)c2ccc(Cl)cc2Cl)cc1,Dapaconazole,-7.64,51001696.0
COc1cc(C(=O)NS(=O)(=O)c2ccccc2C)ccc1Cc1cn(C)c2ccc(NC(=O)OC3CCCC3)cc12,Zafirlukast,-7.639,5717.0
O=C(O)c1cc(N(Cc2ccccc2O)Cc2cc(O)ccc2O)ccc1O,Lavendustin A,-7.636,3894.0
CC[C@@]1(O)C[C@H](O[C@H]2C[C@H](N(C)C)[C@H](O[C@H]3C[C@H](O)[C@H](O[C@H]4CCC(=O)[C@H](C)O4)[C@H](C)O3)[C@H](C)O2)c2c(cc3c(c2O)C(=O)c2c(O)cccc2C3=O)[C@H]1C(=O)OC,Aclarubicin,-7.634,451415.0
CC1(COc2ccc3c(c2)ncn3-c2ccc3cccc(N4CCC(N)CC4)c3n2)COC1,Crenolanib,-7.624,10366136.0
N=C(N)c1ccc2cccc(NC(=O)c3cccc(S(=O)(=O)OCCCO)c3)c2c1,3-Hydroxypropyl 3-[(7-carbamimidoyl-1-naphthyl)carbamoyl]benzenesulfonate,-7.624,11304895.0
CCN(CC)Cc1ccc2cc(COC(=O)Nc3ccc(C(=O)NO)cc3)ccc2c1,Givinostat,-7.624,9804992.0
O=C(Nc1c[nH]nc1C(=O)Nc1ccc(F)cc1)c1ccccc1,(4E)-N-(4-fluorophenyl)-4-[(phenylcarbonyl)imino]-4H-pyrazole-3-carboxamide,-7.621,24864078.0
Cc1c(-c2ccccc2)ccc2nc(N)nc(N)c12,"5-methyl-6-phenylquinazoline-2,4-diamine",-7.618,25271556.0
COc1ccc(-c2c(-c3ccc(O)cc3O)n[nH]c2C)cc1,"4-[4-(4-methoxyphenyl)-5-methyl-1H-pyrazol-3-yl]benzene-1,3-diol",-7.614,764764.0
COc1ccccc1-n1c(CSc2ncnc3[nH]cnc23)nc2cccc(Cl)c2c1=O,2-((9H-PURIN-6-YLTHIO)METHYL)-5-CHLORO-3-(2-METHOXYPHENYL)QUINAZOLIN-4(3H)-ONE,-7.611,6852165.0
Cc1c[nH]c2c(O)cc3c(c12)[C@H](CCl)CN3C(=O)c1cc2cc(NC(=O)Nc3ccc4[nH]c(C(=O)N5C[C@@H](CCl)c6c5cc(O)c5[nH]cc(C)c65)cc4c3)ccc2[nH]1,Bizelesin,-7.608,60794.0
O=C(O)CCc1cc(C(=O)c2ccc(OC3CCCC3)cc2O)ccc1OCc1ccc2c(O)noc2c1,T-5224,-7.608,23626877.0
COc1ccc(-c2cc(=O)c3c(O)c(OC)c(O)cc3o2)cc1OC,Eupatilin,-7.607,5273755.0
O=c1c2c(O)cccc2oc2c([N+](=O)[O-])ccc(O)c12,"1,8-Di-Hydroxy-4-Nitro-Xanthen-9-One",-7.604,5326637.0
CC(C)CN(C[C@@H](O)[C@H](Cc1ccccc1)NC(=O)O[C@H]1CO[C@H]2OCC[C@H]21)S(=O)(=O)c1ccc2nc(NC3CCN(C4CCCC4)CC3)sc2c1,TMC-310911,-7.599,53361968.0
CS(=O)(=O)c1cccc(Nc2nccc(Nc3c(Cl)ccc4c3OCO4)n2)c1,"N'-(5-chloro-1,3-benzodioxol-4-yl)-N-(3-methylsulfonylphenyl)pyrimidine-2,4-diamine",-7.599,25011729.0
Nc1c(-c2cc(Cc3ccc(COc4ccccn4)cc3)no2)ccc[n+]1COP(=O)([O-])O,Fosmanogepix,-7.593,44123754.0
Cc1cc(CNS(=O)(=O)c2cccc(N/C=C3\CCOC3=O)c2)nc(N)n1,N-[(2-AMINO-6-METHYLPYRIMIDIN-4-YL)METHYL]-3-{[(E)-(2-OXODIHYDROFURAN-3(2H)-YLIDENE)METHYL]AMINO}BENZENESULFONAMIDE,-7.592,17755582.0
COc1ccc(O)c(-c2nc3cc(C(N)=[NH2+])ccc3[nH]2)c1,2-(2-Hydroxy-5-Methoxy-Phenyl)-1h-Benzoimidazole-5-Carboxamidine,-7.592,1502.0
CN1CCN(CCOc2cc(OC3CCOCC3)c3c(Nc4c(Cl)ccc5c4OCO5)ncnc3c2)CC1,Saracatinib,-7.591,10302451.0
O=C1CN(/N=C/c2ccc(-c3ccc([N+](=O)[O-])cc3)o2)C(=O)N1,Dantrolene,-7.586,6914273.0
CCc1cc(-c2n[nH]c(C(=O)O)c2-c2ccc3c(c2)OCO3)c(O)cc1O,"4-(1,3-Benzodioxol-5-Yl)-5-(5-Ethyl-2,4-Dihydroxyphenyl)-2h-Pyrazole-3-Carboxylic Acid",-7.578,656974.0
CS(=O)(=O)c1ccc([C@H]2NOC([C@@H](CC3CC3)[C@H](N)C(=O)N3CC[C@H](F)C3)N2)c(F)c1,"(2S,3S)-4-cyclopropyl-3-{(3R,5R)-3-[2-fluoro-4-(methylsulfonyl)phenyl]-1,2,4-oxadiazolidin-5-yl}-1-[(3S)-3-fluoropyrrolidin-1-yl]-1-oxobutan-2-amine",-7.575,60206636.0
CC(NP(=O)(OCC1OC(n2ccc(N)nc2=O)C(F)(F)C1O)Oc1ccccc1)C(=O)OCc1ccccc1,Fosgemcitabine palabenamide,-7.572,72386069.0
O=C(/C=C(\O)c1nnn[nH]1)c1c[nH]c2ccc(Cl)cc12,(2Z)-1-(5-Chloro-1H-indol-3-yl)-3-hydroxy-3-(1H-tetrazol-5-yl)-2-propen-1-one,-7.572,511338.0
COc1ccc(Nc2nnc(-c3ccc(C(=O)NO)cc3)o2)cc1,Metavert,-7.569,124220552.0
O=c1oc2c(O)c(O)cc3c(=O)oc4c(O)c(O)cc1c4c23,Ellagic acid,-7.568,5281855.0
COc1cccc2c1c(O)c(C(=O)N(C)c1ccc(C(F)(F)F)cc1)c(=O)n2C,Tasquinimod,-7.565,54682876.0
Cc1cc(/C=C/c2ccc3cc(N(C)C)ccc3[n+]2C)c(C)n1-c1ccccc1,Pyrvinium,-7.565,5281035.0
COc1ccc2c(c1)/C(=C/c1cnc[nH]1)C(=O)N2,SU9516,-7.561,5289419.0
CN(Cc1coc2nc(N)nc(N)c12)c1ccc(C(=O)N[C@@H](CCC(=O)O)C(=O)O)cc1,"Furo[2,3d]Pyrimidine Antifolate",-7.556,158376.0
Cc1ccc(C(=O)Nc2cc(C(=O)N(C)C)cc(-c3ccc(C(=O)NO)cc3)c2)cc1,"5-(4-METHYL-BENZOYLAMINO)-BIPHENYL-3,4'-DICARBOXYLIC ACID 3-DIMETHYLAMIDE-4'-HYDROXYAMIDE",-7.555,5287979.0
CN(C)c1ccc(C(=C2C=CC(=[N+](C)C)C=C2)c2ccccc2)cc1,Malachite Green,-7.543,11295.0
CCc1nn(-c2c(Cl)cc(Cl)cc2Cl)c2nc(Cc3ccc(O)c(O)c3)[nH]c(=O)c12,"6-(3,4-DIHYDROXYBENZYL)-3-ETHYL-1-(2,4,6-TRICHLOROPHENYL)-1H-PYRAZOLO[3,4-D]PYRIMIDIN-4(5H)-ONE",-7.539,135402970.0
O=C(Nc1nccs1)c1cccc(CN2C(=O)N(CC3CC3)[C@H](Cc3ccccc3)[C@H](O)[C@@H](O)[C@H]2Cc2ccccc2)c1,INHIBITOR Q8467 OF DUPONT MERCK,-7.536,448069.0
NCc1cc(Oc2cccc(C(=O)N3C[C@@H](O)[C@H](F)C3)c2)nc(C(F)(F)F)c1,PAT-1251,-7.533,122536283.0
COc1ccc(C(=O)N/N=C/c2cc(Br)c(O)c(Br)c2O)cc1,"N'-[(1E)-(3,5-dibromo-2,4-dihydroxyphenyl)methylidene]-4-methoxybenzohydrazide",-7.526,135579518.0
C[C@H](CN1CCOCC1)n1c(NC(N)=O)nc2cc(/C=C3\c4ccccc4COc4cc(F)ccc43)ccc21,LY-2623091,-7.525,42636651.0
O=C1/C(=C/c2cc(Br)c(O)c(Br)c2O)Oc2cc(O)cc(O)c21,"3',5'-DIBROMO-2',4,4',6'-TETRAHYDROXY AURONE",-7.521,5288217.0
Cc1cc2c(F)c(Oc3ncnn4cc(OC[C@@H](C)OC(=O)[C@H](C)N)c(C)c34)ccc2[nH]1,Brivanib alaninate,-7.518,11154925.0
O=C(O)c1ccc(-c2ccc3cc(O)ccc3n2)c(Cl)c1,Cavosonstat,-7.51,56960912.0
CNS(=O)(=O)c1ccc(-c2ccc(/C=C3\SC(=N)NC3=O)o2)cc1,"4-{5-[(Z)-(2-Imino-4-Oxo-1,3-Thiazolidin-5-Ylidene)methyl]-2-Furyl}-N-Methylbenzenesulfonamide",-7.503,137349058.0
C=CC(=O)N1C[C@H](COc2nc(Nc3cnn(C)c3)nc3[nH]cc(Cl)c23)[C@@H](OC)C1,PF-06459988,-7.482,71535003.0
Cc1ccc(NS(=O)(=O)c2cccc(C#N)c2)c2[nH]cc(C#N)c12,E-7820,-7.482,196970.0
CC(C)(C)NC1CCN(c2cc(NCc3ccc(Cl)cc3)nc3ccccc23)CC1,Ezurpimtrostat,-7.482,121305180.0
COc1cc(C(=O)c2c[nH]c(-c3c[nH]c4ccccc34)n2)cc(OC)c1OC,Veru-111,-7.47,53379371.0
O=c1cc(-c2ccccc2)oc2cc(O)cc(O)c12,Chrysin,-7.469,5281607.0
Nc1nc(=O)c2cc(C[C@H](C(=O)O)c3ccc(C(=O)N[C@@H](CCC(=O)O)C(=O)O)cc3)ccc2[nH]1,"10-formyl-5,8,10-trideazafolic acid",-7.467,135460967.0
Cc1cc(-c2cc(OC(=O)c3ccccc3)ccc2Cl)cc2nnc(Nc3ccc(OCCN4CCCC4)cc3)nc12,TG-100801,-7.455,11973736.0
N[C@H](COc1cncc(/C=C/c2ccncc2)c1)Cc1c[nH]c2ccccc12,(1S)-2-(1H-INDOL-3-YL)-1-[({5-[(E)-2-PYRIDIN-4-YLVINYL]PYRIDIN-3-YL}OXY)METHYL]ETHYLAMINE,-7.45,6914613.0
O=c1cc(-c2ccc(O)cc2)oc2cc(O)cc(O)c12,Apigenin,-7.438,5280443.0
O=C(/C=C/c1ccc(O)c2c1[C@H](C(=O)O[C@H](Cc1ccc(O)c(O)c1)C(=O)O)[C@@H](c1ccc(O)c(O)c1)O2)O[C@H](Cc1ccc(O)c(O)c1)C(=O)O,Salvianolic acid B,-7.437,6451084.0
NC(=O)c1ccc[n+]([C@@H]2C[C@H](COP(=O)(O)OP(=O)(O)OC[C@H]3O[C@@H](n4cnc5c(N)ncnc54)[C@H](O)[C@@H]3O)[C@@H](O)[C@H]2O)c1,Carba-nicotinamide-adenine-dinucleotide,-7.427,163884.0
Cc1cccc(C2=C(c3ccc4ncccc4n3)CNN2)n1,Naphthyridine Inhibitor,-7.424,5287512.0
Cc1ccc(-n2nc(C(C)(C)C)cc2NC(=O)NCc2cc(F)ccc2Oc2ccc3c(cnn3CCO)c2)cc1,Pexmetinib,-7.422,24765037.0
COc1cc(Nc2nccc(N(C)c3ccc4c(C)n[nH]c4c3)n2)cc(OC)c1OC,"N~4~-methyl-N~4~-(3-methyl-1H-indazol-6-yl)-N~2~-(3,4,5-trimethoxyphenyl)pyrimidine-2,4-diamine",-7.404,24941243.0
COc1c(O)ccc2c1cc([N+](=O)[O-])c1c(C(=O)O)cc3c(c12)OCO3,"9-Hydroxy-8-Methoxy-6-Nitro-Phenanthrol[3,4-D][1,3]Dioxole-5-Carboxylic Acid",-7.398,1941.0
NS(=O)(=O)c1ccc(-c2ccc(/C=C3\SC(=O)NC3=O)o2)cc1,"4-{5-[(Z)-(2,4-DIOXO-1,3-THIAZOLIDIN-5-YLIDENE)METHYL]FURAN-2-YL}BENZENESULFONAMIDE",-7.397,5828196.0
N#Cc1cc(Cl)cc(Oc2cc(OCc3n[nH]c4nc(N)ccc34)ccc2Cl)c1,MK-4965,-7.39,16045418.0
O=C(O)CCNC(=O)c1ccc(/N=N/c2ccc(O)c(C(=O)O)c2)cc1,Balsalazide,-7.386,54585.0
Cn1c(CNc2ccc(C(=N)N)cc2)nc2cc(C(=O)N(CCC(=O)O)c3ccccn3)ccc21,Dabigatran,-7.38,216210.0
COc1ccc(F)cc1C[C@@](O)(C1CCOCC1)[C@@H]1CNCCO1,Edivoxetine,-7.38,11186829.0
O=c1cc(C(F)(F)F)c2cc(N(CC(F)(F)F)CC(F)(F)F)ccc2[nH]1,LGD-2226,-7.373,11560224.0
N=C1NC(=O)/C(=C/c2ccc(-c3ccc(S(N)(=O)=O)cc3)o2)S1,"4-{5-[(Z)-(2-Imino-4-Oxo-1,3-Thiazolidin-5-Ylidene)methyl]furan-2-Yl}benzenesulfonamide",-7.366,5729339.0
C#CCOc1ccc(Nc2nc(Nc3ccc(C)c(S(=O)(=O)NC(=O)CC)c3)ncc2F)cc1,R-348,-7.362,23648971.0
COc1cc(-c2oc3cc(O)cc(O)c3c(=O)c2O)ccc1O,Isorhamnetin,-7.361,5281654.0
Cc1cc2nc3c4cc(Cl)ccc4n(CC(=O)NCCN(C)C)c3nc2cc1C,Rabeximod,-7.356,56841552.0
O=[N+]([O-])c1ccc(/C=C/c2cccc(CO)n2)o1,Nifurpirinol,-7.355,6436061.0
CCN(C(=O)c1c(O)c2c(Cl)cccc2n(C)c1=O)c1ccccc1,Laquinimod,-7.352,54677946.0
CCCC[C@H](Cc1c[nH]c2ccccc12)NC(=O)c1cnc(N2CCN(C)CC2)s1,Minzasolmin,-7.35,118279413.0
CN(C(=O)c1c(O)c2ccccc2n(C)c1=O)c1ccccc1,Roquinimex,-7.344,54676478.0
CNc1ccc(-c2ccc3cc(OC[C@H](O)CF)ccc3n2)cn1,THK-5351,-7.333,91936858.0
COc1c(C)cnc(Cn2cnc3c(Cl)nc(N)nc32)c1C,BIIB021,-7.328,16736529.0
O=Cc1ccccc1O[P@@](=O)(O)OCc1ccccc1,PASBN,-7.321,5289215.0
Cc1c(C(=O)Nc2ccc(S(C)(=O)=O)cc2)cn(CCO)c1-c1ccccc1C(F)(F)F,Esaxerenone,-7.305,25052023.0
CC(C)(C)c1cc(NC(=O)Nc2ccc(-c3cn4c(n3)sc3cc(OCCN5CCOCC5)ccc34)cc2)no1,Quizartinib,-7.303,24889392.0
COc1nc(C)cnc1NS(=O)(=O)c1cccnc1-c1ccc(-c2nnco2)cc1,Zibotentan,-7.3,9910224.0
Cc1cc(OCP(=O)(O)O)cc(C)c1Cc1ccc(O)c(Cc2ccccc2)c1,VK-0214,-7.299,15942270.0
CCc1cccc2c1c(O)c(C(=O)N(CC)c1ccccc1)c(=O)n2C,Paquinimod,-7.298,54684617.0
O=C(O)c1cc(O)c2c3nc4ccccc4oc-3cc(=O)c2n1,Pirenoxine,-7.297,4846.0
COc1ccc(Cl)c(-c2ccc(NC(=O)c3ccnn3C)nc2N)c1,Pf-04531083,-7.295,57582353.0
CC(C)N(C(=O)c1ccc(Cl)cc1Cl)c1cc(-c2ccccc2)sc1C(=O)O,"3-[(2,4-Dichlorobenzoyl)(Isopropyl)Amino]-5-Phenylthiophene-2-Carboxylic Acid",-7.294,657065.0
CC(C)=CC1C(C(=O)OCc2cccc(Oc3ccccc3)c2)C1(C)C,Phenothrin,-7.284,4767.0
CN(CCCCC(=O)O)c1ccc(/C=C/c2ccc([N+](=O)[O-])cc2)cc1,N-(TRANS-4'-NITRO-4-STILBENYL)-N-METHYL-5-AMINO-PENTANOIC ACID,-7.283,11963512.0
NC(=[NH2+])c1ccc2[nH]c(-c3ccccc3O)cc2c1,2-(2-Hydroxy-Phenyl)-1h-Indole-5-Carboxamidine,-7.275,1507.0
CC(=O)Nc1ccc(N2C(=O)[C@@H]3[C@H]4CC[C@](NC(=O)OCC(=O)O)(CC4)[C@@H]3C2=O)cc1,"[4-(4-ACETYLAMINO-PHENYL)-3,5-DIOXO-4-AZA-TRICYCLO[5.2.2.0 2,6]UNDEC-1-YLCARBAMOYLOXY]-ACETIC ACID",-7.274,444144.0
COc1ccc(S(=O)(=O)Nc2cccnc2Nc2ccc(O)cc2)cc1,ABT-751,-7.267,3035714.0
CNC(=O)c1cc(Oc2ccc3nc(N[C@@H]4CCCC[C@H]4O)sc3c2)ccn1,BLZ-945,-7.246,46184986.0
COc1ccc(CNC(=O)Nc2ncc([N+](=O)[O-])s2)cc1,AR-AO-14418,-7.236,448014.0
Nc1nccc(-c2c3c(O)ccnc3n3c(N)nccc23)n1,Variolin B,-7.231,9817550.0
COc1ccc(-c2oc3c(CC=C(C)C)c(O)cc(O)c3c(=O)c2O)cc1,Icaritin,-7.227,5318980.0
CC[C@]1(O)Cc2cc3c(c(O)c2[C@@H](O[C@H]2C[C@H](N(C)C)[C@H](O[C@@H]4C[C@H](O)[C@@H](O[C@H]5CCC(=O)[C@@H](C)O5)[C@H](C)O4)[C@H](C)O2)C1)C(=O)c1c(O)cccc1C3=O,10-decarboxymethylaclacinomycin A,-7.223,49866627.0
CC#C[C@@]1(O)CC[C@H]2[C@@H]3CCC4=CC(=O)CCC4=C3[C@@H](c3ccc(N(C)CCO[C@H]4CC[C@]5(C)[C@@H](C4)C[C@@H](O)[C@@H]4[C@@H]5C[C@H](O)[C@@]5(C)[C@@H]([C@H](C)CCC(=O)O)CC[C@@H]45)cc3)C[C@]21C,KB3305,-7.222,
COc1cc(-c2cc(=O)c3c(O)cc(O)cc3o2)ccc1O,Chrysoeriol,-7.222,5280666.0
COc1ccc(CC(C)(C)NC[C@H](O)c2cc(O)cc3c2OCC(=O)N3)cc1,Olodaterol,-7.22,11504295.0
CC1(C)C(C=C(Cl)Cl)C1C(=O)OCc1cccc(Oc2ccccc2)c1,Permethrin,-7.217,40326.0
COc1cc(N(C)Cc2cnc3nc(N)nc(N)c3c2C)cc(OC)c1OC,"2,4-Diamino-5-Methyl-6-[(3,4,5-Trimethoxy-N-Methylanilino)Methyl]Pyrido[2,3-D]Pyrimidine",-7.217,447815.0
COc1ccccc1[C@H](Cn1c(=O)n(C(C)(C)C(=O)O)c(=O)c2c(C)c(-c3ncco3)sc21)OC1CCOCC1,Firsocostat,-7.214,71528744.0
COc1ccc(OC)c(CN(C)c2ccc3nc(N)nc(N)c3c2)c1,"2,4-Diamino-6-[N-(2',5'-Dimethoxybenzyl)-N-Methylamino]Quinazoline",-7.203,447021.0
C[C@H]1C[C@H](C(=O)O)CC[C@H]1C(=O)N1CC[C@@]2(S(=O)(=O)c3ccc(F)cc3)c3ccc(C(F)(C(F)(F)F)C(F)(F)F)cc3CC[C@@H]12,BMS-986251,-7.203,132123624.0
CCCCC1(CCCC)CS(=O)(=O)c2ccc(N(C)C)cc2[C@@H](c2ccc(OCc3ccc(C[N+]45CCN(CC4)CC5)cc3)cc2)[C@H]1O,Maralixibat,-7.202,9831643.0
C=CC(C)(C)c1cc(/C=C/C(=O)c2ccc(O)cc2)c(OC)cc1O,Licochalcone A,-7.2,5318998.0
O=C1Nc2ccc(CN3C(=O)CSC3=O)cc2/C1=C/c1cc(CN2CCOCC2)c[nH]1,S-49076,-7.194,49870909.0
O=c1c(O[C@@H]2O[C@H]([C@H](O)CO)[C@H](O)[C@H]2O)c(-c2ccc(O)c(O)c2)oc2cc(O)cc(O)c12,Isoquercitrin,-7.185,5484006.0
O=C(Nc1ccc(S(=O)(=O)N2CCOCC2)cc1)c1cc(Cl)ccc1NS(=O)(=O)c1ccc(Cl)s1,Ataciguat,-7.183,213037.0
N#Cc1ccc(NC(=S)/N=C(\N)Cc2c(Cl)cccc2Cl)cc1,"1-(4-Cyano-phenyl)-3-[2-(2,6-dichloro-phenyl)-1-imino-ethyl]-thiourea",-7.176,3003217.0
COc1c(O)c(OC)c2oc(-c3ccccc3O)cc(=O)c2c1O,"5,7,2â€²-trihydroxy-6,8-dimethoxyflavone",-7.158,9818878.0
Cc1n[nH]c2ccc(F)c(Oc3cc(C#N)cc(C#N)c3)c12,"5-[(5-fluoro-3-methyl-1H-indazol-4-yl)oxy]benzene-1,3-dicarbonitrile",-7.157,25218427.0
COc1ccc2nc(S(=O)Cc3ncc(C)c(OC)c3C)[nH]c2c1,Omeprazole,-7.152,4594.0
N=C(N)c1ccc(NC(=O)Nc2ccc(Oc3ccccc3)cc2)cc1,1-(2-Amidinophenyl)-3-(Phenoxyphenyl)Urea,-7.143,444581.0
O=C(Nc1ccc(O)c(O)c1)c1ccc(O)c(O)c1,PTI-110,-7.142,10038269.0
CC(C)C[C@H](NC(=O)c1ccco1)C(=O)N[C@@H](Cc1c[nH]c2ccccc12)P(=O)(O)O,N-[(Furan-2-Yl)Carbonyl]-(S)-Leucyl-(R)-[1-Amino-2(1h-Indol-3-Yl)Ethyl]-Phosphonic Acid,-7.141,449500.0
O=C(N/N=C/c1ccc([N+](=O)[O-])o1)c1ccc(O)cc1,Nifuroxazide,-7.137,5337997.0
C[C@H]1CCC[C@H](O)CCCCCc2cc(O)cc(O)c2C(=O)O1,Zeranol,-7.137,2999413.0
CCNC(=O)C[C@@H]1N=C(c2ccc(Cl)cc2)c2cc(OC)ccc2-n2c(C)nnc21,Molibresib,-7.136,46943432.0
O=C1[C@@H](Cc2ccc(Cl)c(Cl)c2)SC(=S)N1NS(=O)(=O)c1cccs1,"5R-(3,4-DICHLOROPHENYLMETHYL)-3-(2-THIOPHENESULFONYLAMINO)-4-OXO-2-THIONOTHIAZOLIDINE",-7.12,46937057.0
COc1ccc2[nH]c([S@@](=O)Cc3ncc(C)c(OC)c3C)nc2c1,Esomeprazole,-7.115,9568614.0
O=C(O)COc1ccc(-c2c[nH]c(CNC(=O)Nc3ncc(Sc4ccccn4)s3)n2)cc1,2-(4-(2-((3-(5-(PYRIDIN-2-YLTHIO)THIAZOL-2-YL)UREIDO)METHYL)-1H-IMIDAZOL-4-YL)PHENOXY)ACETIC ACID,-7.114,17758816.0
O=C(O)[C@H]1O[C@H](OP(=O)(O)OP(=O)(O)OC[C@H]2O[C@@H](n3ccc(=O)[nH]c3=O)[C@H](O)[C@@H]2O)[C@H](O)[C@@H](O)[C@@H]1O,UDP-alpha-D-glucuronic acid,-7.108,17473.0
COc1ccc2c(O[C@@H]3C[C@H]4C(=O)N[C@]5(C(=O)O)C[C@H]5/C=C\CCCCC[C@H](NC(=O)OC5CCCC5)C(=O)N4C3)cc(-c3csc(NC(C)C)n3)nc2c1,Ciluprevir,-7.108,9853710.0
CC(/C=C1\SC(=S)N(CC(=O)O)C1=O)=C\c1ccccc1,Epalrestat,-7.106,1549120.0
CC(C)[C@@H](C(=O)N[C@@H](Cc1ccc(OCCF)cc1)C(=O)O)n1cc(COc2ccc3nc(S(N)(=O)=O)sc3c2)nn1,VM4-037,-7.105,59552698.0
O=c1[nH]c(-c2ccc(N3[C@@H]4CC[C@H]3C[C@@H](OCc3c(-c5c(Cl)cccc5Cl)noc3C3CC3)C4)cc2F)no1,Linafexor,-7.105,166997176.0
CC[C@@]1(O)C[C@H](O[C@H]2C[C@H](N(C)C)[C@H](O[C@H]3C[C@H](O)[C@@H](O[C@H]4CCC(=O)[C@@H](C)O4)[C@H](C)O3)[C@H](C)O2)c2c(cc3c(c2O)C(=O)c2c(O)cccc2C3=O)[C@H]1O,11-Deoxy-Beta-Rhodomycin,-7.101,5288114.0
CNc1ccc(-c2ccc3cc(OC[C@H](O)C[18F])ccc3n2)cn1,THK-5351 F-18,-7.098,91810702.0
CC(=O)Nc1ccc(CP(=O)([O-])O[C@@H](C)c2ccccc2)cc1,(1S)-1-Phenylethyl (4-acetamidobenzyl)phosphonate,-7.097,5289359.0
COc1ccc(-c2oc3c(CC=C(C)C)c(O[C@@H]4O[C@H](CO)[C@@H](O)[C@H](O)[C@H]4O)cc(O)c3c(=O)c2O[C@@H]2O[C@@H](C)[C@H](O)[C@@H](O)[C@H]2O)cc1,Icariin,-7.083,5318997.0
O=c1c(O[C@@H]2O[C@H](CO)[C@@H](O)[C@H](O)[C@H]2O)c(-c2ccc(O)c(O)c2)oc2cc(O)cc(O)c12,Isoquercetin,-7.075,5280804.0
CC(C)(C)c1cc(C(C)(C)C)c(NC(=O)c2c[nH]c3ccccc3c2=O)cc1O,Ivacaftor,-7.07,16220172.0
CCCS(=O)(=O)N1CCN(Cc2ccc(NC(=O)c3ccc(-c4cc(NC(=O)C5CC5)ccc4OC(F)(F)F)cc3)cc2)CC1,AZD-7295,-7.062,57339445.0
N#C/C(=C\c1ccc(O)c(O)c1)C(=O)Nc1ccccc1,Tyrphostin B48,-7.061,5328771.0
COc1ccc2c(c1)nc(S(=O)Cc1ncc(C)c(OC)c1C)n2S(=O)(=O)c1ccc(OCC(=O)O)cc1,AGN-201904,-7.06,9829253.0
O=C(Nc1c[nH]nc1-c1nc2ccc(C[NH+]3CCOCC3)cc2[nH]1)NC1CC1,4-[(2-{4-[(CYCLOPROPYLCARBAMOYL)AMINO]-1H-PYRAZOL-3-YL}-1H-BENZIMIDAZOL-6-YL)METHYL]MORPHOLIN-4-IUM,-7.058,135566363.0
Cc1nc(COc2ccc(C[C@H](NC(=O)O[C@H]3CO[C@H]4OCC[C@H]43)[C@H](O)CN(CC(C)C)S(=O)(=O)c3ccc4c(c3)OCO4)cc2)cs1,Brecanavir,-7.056,5743186.0
O=C(O)CCCNC=C1N=C(c2ccccc2)OC1=O,"4-{[(Z)-(5-oxo-2-phenyl-1,3-oxazol-4(5H)-ylidene)methyl]amino}butanoic acid",-7.055,135431471.0
Cc1cc(-n2nc3c(c2-n2ccn(-c4ccc5c(cnn5C)c4F)c2=O)[C@H](C)N(C(=O)c2cc4cc([C@H]5CCOC(C)(C)C5)ccc4n2[C@@]2(c4noc(=O)[nH]4)C[C@@H]2C)CC3)cc(C)c1F,Orforglipron,-7.046,137319706.0
N#C/C(=C\c1ccc(O)c(O)c1)C(=O)NCCCCc1ccccc1,Tyrphostin B56,-7.038,5328775.0
COc1c(C)c2c(c(O)c1C/C=C(\C)CCC(=O)O)C(=O)OC2,Mycophenolic acid,-7.036,446541.0
CCOc1ccn(-c2ccc(F)cc2)c(=O)c1C(=O)Nc1ccc(Oc2ccnc(N)c2Cl)c(F)c1,BMS-777607,-7.033,24794418.0
O=C(O)c1cc(O)c2c(c1)C(C1c3cc(C(=O)O)cc(O)c3C(=O)c3c(OC4OC(CO)C(O)C(O)C4O)cccc31)c1cccc(OC3OC(CO)C(O)C(O)C3O)c1C2=O,Sennosides,-7.026,5199.0
O=c1[nH]c(=O)n(COCCO)c(O)c1Cc1cccc(OCc2ccccc2)c1,"1-((2-HYDROXYETHOXY)METHYL)-5-(3-(BENZYLOXY)BENZYL)-6-HYDROXYPYRIMIDINE-2,4(1H,3H)-DIONE",-7.025,5287741.0
CS(=O)(=O)Nc1cccc(Nc2nccc(Nc3c(Cl)ccc4c3OCO4)n2)c1,"N-[3-[[4-[(5-CHLORO-1,3-BENZODIOXOL-4-YL)AMINO]PYRIMIDIN-2-YL]AMINO]PHENYL]METHANESULFONAMIDE",-7.021,25011730.0
CC(C)N(c1cc(-c2ccccc2)sc1C(=O)O)C(=O)[C@H]1CC[C@H](C)CC1,3-{ISOPROPYL[(TRANS-4-METHYLCYCLOHEXYL)CARBONYL]AMINO}-5-PHENYLTHIOPHENE-2-CARBOXYLIC ACID,-7.02,503536.0
N=C(N)c1ccc2nc(-c3cc(CC(=O)N[C@@H](CC(=O)O)C(=O)O)cc(-c4cc(S(N)(=O)=O)ccc4O)c3O)[nH]c2c1,PCI-27483,-7.013,135425273.0
CN(C)CC/C=C1/c2ccccc2COc2ccc(CC(=O)O)cc21,Olopatadine,-7.012,5281071.0
CCCC[C@]1(CC)CS(=O)(=O)c2ccc(N(C)C)cc2[C@@H](c2cccc(NC(=O)N[C@@H]3O[C@H](COS(=O)(=O)O)[C@@H](O)[C@H](OCc4ccccc4)[C@H]3O)c2)[C@H]1O,Volixibat,-7.008,24987688.0
O=C1CN2CCOC2(c2ccccc2Cl)c2cc(Cl)ccc2N1,Cloxazolam,-7.005,2816.0
