Common_Name,SMILES,MorganFingerprint,Predicted_Prob,Predicted_Activity
"(3Z)-6-(4-HYDROXY-3-METHOXYPHENYL)-3-(1H-PYRROL-2-YLMETHYLENE)-1,3-DIHYDRO-2H-INDOL-2-ONE",COc1cc(-c2ccc3c(c2)NC(=O)/C3=C\c2ccc[nH]2)ccc1O,[0 0 0 ... 0 0 0],0.9971853,1
PEN-866,CCc1c2c(nc3ccc(OC(=O)N4CCC(CCn5ccc6cc(-n7c(-c8cc(C(C)C)c(O)cc8O)n[nH]c7=O)ccc65)CC4)cc13)-c1cc3c(c(=O)n1C2)COC(=O)[C@]3(O)CC,[0 1 0 ... 0 0 0],0.99481404,1
"Furo[2,3d]Pyrimidine Antifolate",CN(Cc1coc2nc(N)nc(N)c12)c1ccc(C(=O)N[C@@H](CCC(=O)O)C(=O)O)cc1,[0 1 0 ... 0 0 0],0.99460936,1
Carotegrast methyl,COC(=O)[C@H](Cc1ccc(-n2c(=O)c3cc(N(C)C)ccc3n(C)c2=O)cc1)NC(=O)c1c(Cl)cccc1Cl,[0 1 0 ... 0 0 0],0.99169683,1
"4-{5-[(Z)-(2-Imino-4-Oxo-1,3-Thiazolidin-5-Ylidene)methyl]furan-2-Yl}benzenesulfonamide",N=C1NC(=O)/C(=C/c2ccc(-c3ccc(S(N)(=O)=O)cc3)o2)S1,[0 0 0 ... 0 0 0],0.9911243,1
Dirocaftor,C[Si](C)(C)c1cc([Si](C)(C)C)c(NC(=O)c2c[nH]c3ccccc3c2=O)cc1O,[0 0 0 ... 0 0 0],0.9901704,1
Cytidine-5'-Monophosphate-5-N-Acetylneuraminic Acid,CC(=O)N[C@H]1[C@H]([C@H](O)[C@H](O)CO)O[C@](OP(=O)(O)OC[C@H]2O[C@@H](n3ccc(N)nc3=O)[C@H](O)[C@@H]2O)(C(=O)O)C[C@@H]1O,[0 1 0 ... 0 0 0],0.9899755,1
"10-Propargyl-5,8-Dideazafolic Acid",C#CCN(Cc1ccc2[nH]c(N)nc(=O)c2c1)c1ccc(C(=O)N[C@@H](CCC(=O)O)C(=O)O)cc1,[0 1 0 ... 0 0 0],0.9889382,1
E-6005,CNc1nc(-c2cccc(NC(=O)c3ccc(C(=O)OC)cc3)c2)c2cc(OC)c(OC)cc2n1,[0 0 0 ... 0 0 0],0.9888198,1
(E)-3-(5((5-(4-CHLOROPHENYL)FURAN-2-YL)METHYLENE)-4-OXO-2-THIOXOTHIAZOLIDIN-3-YL)PROPANOIC ACID,O=C(O)CCN1C(=O)/C(=C\c2ccc(-c3ccc(Cl)cc3)o2)SC1=S,[0 0 0 ... 0 0 0],0.9885351,1
"2-[4-(DIMETHYLAMINO)PHENYL]-6-HYDROXY-3-METHYL-1,3-BENZOTHIAZOL-3-IUM",CN(C)c1ccc(-c2sc3cc(O)ccc3[n+]2C)cc1,[0 0 0 ... 0 0 0],0.98831344,1
"4-{5-[(Z)-(2-IMINO-4-OXO-1,3-THIAZOLIDIN-5-YLIDENE)METHYL]FURAN-2-YL}-2-(TRIFLUOROMETHYL)BENZENESULFONAMIDE",N=C1NC(=O)/C(=C/c2ccc(-c3ccc(S(N)(=O)=O)c(C(F)(F)F)c3)o2)S1,[0 0 0 ... 0 0 0],0.987563,1
"4-{5-[(Z)-(2,4-DIOXO-1,3-THIAZOLIDIN-5-YLIDENE)METHYL]FURAN-2-YL}BENZENESULFONAMIDE",NS(=O)(=O)c1ccc(-c2ccc(/C=C3\SC(=O)NC3=O)o2)cc1,[0 0 0 ... 0 0 0],0.9875372,1
"8-Benzyl-2-Hydroperoxy-2-(4-Hydroxy-Benzyl)-6-(4-Hydroxy-Phenyl)-2h-Imidazo[1,2-a]Pyrazin-3-One",O=C1N2C=C(c3ccc(O)cc3)N=C(Cc3ccccc3)C2=N[C@@]1(Cc1ccc(O)cc1)OO,[0 0 0 ... 0 0 0],0.9870853,1
Agerafenib,COc1cc2ncnc(Oc3cccc(NC(=O)Nc4cc(C(C)(C)C(F)(F)F)on4)c3)c2cc1OC,[0 0 0 ... 0 0 0],0.9864639,1
Myricetin,O=c1c(O)c(-c2cc(O)c(O)c(O)c2)oc2cc(O)cc(O)c12,[0 0 0 ... 0 0 0],0.9863912,1
"N-[4-(2-CHLOROPHENYL)-1,3-DIOXO-1,2,3,6-TETRAHYDROPYRROLO[3,4-C]CARBAZOL-9-YL]FORMAMIDE",O=CNc1ccc2[nH]c3cc(-c4ccccc4Cl)c4c(c3c2c1)C(=O)NC4=O,[0 0 0 ... 0 0 0],0.9863685,1
Ukrain cation,C[N+]1(CCNP(=S)(NCC[N+]2(C)Cc3c(ccc4c3OCO4)[C@@H]3[C@H]2c2cc4c(cc2C[C@@H]3O)OCO4)NCC[N+]2(C)Cc3c(ccc4c3OCO4)[C@@H]3[C@H]2c2cc4c(cc2C[C@@H]3O)OCO4)Cc2c(ccc3c2OCO3)[C@@H]2[C@H]1c1cc3c(cc1C[C@@H]2O)OCO3,[0 0 0 ... 0 0 0],0.9856947,1
Dacinostat,O=C(/C=C/c1ccc(CN(CCO)CCc2c[nH]c3ccccc23)cc1)NO,[0 0 0 ... 0 0 0],0.98543304,1
Methotrexate,CN(Cc1cnc2nc(=N)[nH]c(N)c2n1)c1ccc(C(=O)N[C@@H](CCC(=O)O)C(=O)O)cc1,[0 1 0 ... 0 0 0],0.98418117,1
PBT-434,CCNCc1nc2c(O)c(Cl)cc(Cl)c2c(=O)n1C,[0 0 0 ... 0 0 0],0.98402196,1
Tricetin,O=c1cc(-c2cc(O)c(O)c(O)c2)oc2cc(O)cc(O)c12,[0 0 0 ... 0 0 0],0.983198,1
"4-{5-[(Z)-(2-IMINO-4-OXO-1,3-THIAZOLIDIN-5-YLIDENE)METHYL]FURAN-2-YL}BENZOIC ACID",N=C1NC(=O)/C(=C/c2ccc(-c3ccc(C(=O)O)cc3)o2)S1,[0 0 0 ... 0 0 0],0.9828179,1
Ocifisertib,COc1ccc2c(c1)[C@]1(C[C@H]1c1ccc3c(/C=C/c4ccc(CN5C[C@@H](C)O[C@@H](C)C5)cc4)n[nH]c3c1)C(=O)N2,[0 0 0 ... 0 0 0],0.982537,1
Ethoxzolamide,CCOc1ccc2nc(S(N)(=O)=O)sc2c1,[0 0 0 ... 0 0 0],0.9825293,1
Methopterin,CN(Cc1cnc2nc(N)[nH]c(=O)c2n1)c1ccc(C(=O)N[C@@H](CCC(=O)O)C(=O)O)cc1,[0 1 0 ... 0 0 0],0.9823852,1
Ivacaftor,CC(C)(C)c1cc(C(C)(C)C)c(NC(=O)c2c[nH]c3ccccc3c2=O)cc1O,[0 0 0 ... 0 0 0],0.9820826,1
Deutivacaftor,[2H]C([2H])([2H])C(c1cc(C(C)(C)C)c(NC(=O)c2c[nH]c3ccccc3c2=O)cc1O)(C([2H])([2H])[2H])C([2H])([2H])[2H],[0 0 0 ... 0 0 0],0.9820826,1
Bioymifi,[H]/N=C1/S/C(=C\c2ccc(-c3ccc4c(c3)C(=O)N=C4O)o2)C(=O)N1c1ccc(Br)cc1,[0 0 0 ... 0 0 0],0.9802003,1
Tryptophanyl-5'amp,Nc1ncnc2c1ncn2[C@@H]1O[C@H](COP(=O)(O)OC(=O)[C@@H](N)Cc2c[nH]c3ccccc23)[C@@H](O)[C@H]1O,[0 1 0 ... 0 0 0],0.9795813,1
Quizartinib,CC(C)(C)c1cc(NC(=O)Nc2ccc(-c3cn4c(n3)sc3cc(OCCN5CCOCC5)ccc34)cc2)no1,[0 0 0 ... 0 0 0],0.9794623,1
"N~4~-methyl-N~4~-(3-methyl-1H-indazol-6-yl)-N~2~-(3,4,5-trimethoxyphenyl)pyrimidine-2,4-diamine",COc1cc(Nc2nccc(N(C)c3ccc4c(C)n[nH]c4c3)n2)cc(OC)c1OC,[0 0 0 ... 0 0 0],0.9784218,1
RAF-265,Cn1c(Nc2ccc(C(F)(F)F)cc2)nc2cc(Oc3ccnc(-c4ncc(C(F)(F)F)[nH]4)c3)ccc21,[0 0 0 ... 0 0 0],0.9781105,1
Elinogrel,CNc1cc2[nH]c(=O)n(-c3ccc(NC(=O)NS(=O)(=O)c4ccc(Cl)s4)cc3)c(=O)c2cc1F,[0 0 0 ... 0 0 0],0.97776973,1
Setanaxib,CN(C)c1cccc(-c2c3c(=O)n(-c4ccccc4Cl)[nH]c3cc(=O)n2C)c1,[0 0 0 ... 0 0 0],0.9772589,1
Tin protoporphyrin IX,C=CC1=C(C)c2cc3[nH]c(cc4nc(cc5[nH]c(cc1n2)c(C)c5CCC(=O)[O-])C(CCC(=O)[O-])=C4C)c(C)c3C=C.[Cl-].[Cl-].[Sn+4],[0 0 0 ... 0 0 0],0.97701913,1
Icariin,COc1ccc(-c2oc3c(CC=C(C)C)c(O[C@@H]4O[C@H](CO)[C@@H](O)[C@H](O)[C@H]4O)cc(O)c3c(=O)c2O[C@@H]2O[C@@H](C)[C@H](O)[C@@H](O)[C@H]2O)cc1,[0 0 0 ... 0 0 0],0.9768857,1
LGD-2226,O=c1cc(C(F)(F)F)c2cc(N(CC(F)(F)F)CC(F)(F)F)ccc2[nH]1,[0 0 0 ... 0 0 0],0.9767845,1
"6-(3,4-DIHYDROXYBENZYL)-3-ETHYL-1-(2,4,6-TRICHLOROPHENYL)-1H-PYRAZOLO[3,4-D]PYRIMIDIN-4(5H)-ONE",CCc1nn(-c2c(Cl)cc(Cl)cc2Cl)c2nc(Cc3ccc(O)c(O)c3)[nH]c(=O)c12,[0 0 0 ... 0 0 0],0.975557,1
12-Phenylheme,C=Cc1c(C)c2[n]3c1C(c1ccccc1)=C1C(C)C(C=C)C4=Cc5c(C)c(CCC(=O)O)c6[n]5[Fe+2]3([N]41)[n]1c(c(C)c(CCC(=O)O)c1=C6)=C2,[0 0 0 ... 0 0 0],0.97513956,1
Dactolisib,Cn1c(=O)n(-c2ccc(C(C)(C)C#N)cc2)c2c3cc(-c4cnc5ccccc5c4)ccc3ncc21,[0 0 0 ... 0 0 0],0.9746542,1
Metavert,COc1ccc(Nc2nnc(-c3ccc(C(=O)NO)cc3)o2)cc1,[0 0 0 ... 0 0 0],0.9745145,1
4-(dimethylamino)-N-[7-(hydroxyamino)-7-oxoheptyl]benzamide,CN(C)c1ccc(C(=O)NCCCCCCC(=O)NO)cc1,[0 0 0 ... 0 0 0],0.9737845,1
Verubulin,COc1ccc(N(C)c2nc(C)nc3ccccc23)cc1,[0 0 0 ... 0 0 0],0.9728494,1
Balaglitazone,Cn1c(COc2ccc(CC3SC(=O)NC3=O)cc2)nc2ccccc2c1=O,[0 0 0 ... 0 0 0],0.97262156,1
Tallimustine,Cn1cc(NC(=O)c2cc(NC(=O)c3cc(NC(=O)c4ccc(N(CCCl)CCCl)cc4)cn3C)cn2C)cc1C(=O)NCCC(=N)N,[0 0 0 ... 0 0 0],0.9721382,1
GTX-758,O=C(c1ccc(O)c(F)c1)N(c1ccc(O)cc1)c1ccc(F)cc1,[0 0 0 ... 0 0 0],0.972119,1
4-epi-vancosaminyl derivative of vancomycin,C[NH2+][C@H](CC(C)C)C(=O)N[C@H]1C(=O)N[C@@H](CC(N)=O)C(=O)N[C@H]2C(=O)N[C@H]3C(=O)N[C@H](C(=O)N[C@H](C(=O)O)c4cc(O)cc(O)c4-c4cc3ccc4O)[C@H](O[C@H]3C[C@](C)([NH3+])[C@@H](O)[C@H](C)O3)c3ccc(c(Cl)c3)Oc3cc2cc(c3O[C@@H]2O[C@H](CO)[C@@H](O)[C@H](O)[C@H]2O[C@H]2C[C@](C)([NH3+])[C@@H](O)[C@H](C)O2)Oc2ccc(cc2Cl)[C@H]1O,[0 1 0 ... 0 0 0],0.9720942,1
Oftasceine,O=C(O)CN(CC(=O)O)Cc1cc2c(cc1O)Oc1cc(O)c(CN(CC(=O)O)CC(=O)O)cc1C21OC(=O)c2ccccc21,[0 0 0 ... 0 0 0],0.9720929,1
Ellagic acid,O=c1oc2c(O)c(O)cc3c(=O)oc4c(O)c(O)cc1c4c23,[0 0 0 ... 0 0 0],0.9719614,1
Dabigatran,Cn1c(CNc2ccc(C(=N)N)cc2)nc2cc(C(=O)N(CCC(=O)O)c3ccccn3)ccc21,[0 0 0 ... 0 0 0],0.9717562,1
"4-{[4-(4-fluoro-3-methylphenyl)-1,3-thiazol-2-yl]amino}-2-hydroxybenzoic acid",Cc1cc(-c2csc(Nc3ccc(C(=O)O)c(O)c3)n2)ccc1F,[0 0 0 ... 0 0 0],0.9712922,1
AGN-201904,COc1ccc2c(c1)nc(S(=O)Cc1ncc(C)c(OC)c1C)n2S(=O)(=O)c1ccc(OCC(=O)O)cc1,[0 0 0 ... 0 0 0],0.97088885,1
Volixibat,CCCC[C@]1(CC)CS(=O)(=O)c2ccc(N(C)C)cc2[C@@H](c2cccc(NC(=O)N[C@@H]3O[C@H](COS(=O)(=O)O)[C@@H](O)[C@H](OCc4ccccc4)[C@H]3O)c2)[C@H]1O,[0 0 0 ... 0 0 0],0.9703408,1
Ombitasvir,COC(=O)N[C@H](C(=O)N1CCC[C@H]1C(=O)Nc1ccc([C@@H]2CC[C@@H](c3ccc(NC(=O)[C@@H]4CCCN4C(=O)[C@@H](NC(=O)OC)C(C)C)cc3)N2c2ccc(C(C)(C)C)cc2)cc1)C(C)C,[0 1 0 ... 0 0 0],0.9702459,1
Rebastinib,CNC(=O)c1cc(Oc2ccc(NC(=O)Nc3cc(C(C)(C)C)nn3-c3ccc4ncccc4c3)c(F)c2)ccn1,[0 0 0 ... 0 0 0],0.9702266,1
Dazucorilant,O=C(c1ccccn1)[C@]12Cc3cnn(-c4ccc(F)cc4)c3C=C1CCN(S(=O)(=O)c1ccc(C(F)(F)F)cc1)C2,[0 0 0 ... 0 0 0],0.9701321,1
Tasquinimod,COc1cccc2c1c(O)c(C(=O)N(C)c1ccc(C(F)(F)F)cc1)c(=O)n2C,[0 0 0 ... 0 0 0],0.9694858,1
Trichostatin A,CC(/C=C/C(=O)NO)=C\[C@@H](C)C(=O)c1ccc(N(C)C)cc1,[0 1 0 ... 0 0 0],0.9694373,1
Zeranol,C[C@H]1CCC[C@H](O)CCCCCc2cc(O)cc(O)c2C(=O)O1,[0 0 1 ... 0 0 0],0.96925586,1
2-(4-(2-((3-(5-(PYRIDIN-2-YLTHIO)THIAZOL-2-YL)UREIDO)METHYL)-1H-IMIDAZOL-4-YL)PHENOXY)ACETIC ACID,O=C(O)COc1ccc(-c2c[nH]c(CNC(=O)Nc3ncc(Sc4ccccn4)s3)n2)cc1,[0 0 0 ... 0 0 0],0.9688731,1
"N-[4-(2,4-DIMETHYL-THIAZOL-5-YL)-PYRIMIDIN-2-YL]-N',N'-DIMETHYL-BENZENE-1,4-DIAMINE",Cc1nc(C)c(-c2ccnc(Nc3ccc(N(C)C)cc3)n2)s1,[0 0 0 ... 0 0 0],0.96842897,1
Trimetrexate,COc1cc(NCc2ccc3nc(N)nc(N)c3c2C)cc(OC)c1OC,[0 0 0 ... 0 0 0],0.9674403,1
Birabresib,Cc1sc2c(c1C)C(c1ccc(Cl)cc1)=N[C@@H](CC(=O)Nc1ccc(O)cc1)c1nnc(C)n1-2,[0 0 0 ... 0 0 0],0.9663822,1
Morin,O=c1c(O)c(-c2ccc(O)cc2O)oc2cc(O)cc(O)c12,[0 0 0 ... 0 0 0],0.96471834,1
Quercetin,O=c1c(O)c(-c2ccc(O)c(O)c2)oc2cc(O)cc(O)c12,[0 0 0 ... 0 0 0],0.9645073,1
Epalrestat,CC(/C=C1\SC(=S)N(CC(=O)O)C1=O)=C\c1ccccc1,[0 0 0 ... 0 0 0],0.9641043,1
alpha-Methyl-2-hydroxy-4-diethylaminocinnamic acid,CCN(CC)c1ccc(/C=C(\C)C(=O)O)c(O)c1,[0 0 0 ... 0 0 1],0.9631615,1
Lavendustin b,O=C(O)c1cc(N(Cc2ccccc2O)Cc2ccccc2O)ccc1O,[0 0 0 ... 0 0 0],0.9631383,1
Baicalein,O=c1cc(-c2ccccc2)oc2cc(O)c(O)c(O)c12,[0 0 0 ... 0 0 0],0.9620239,1
Hispidulin,COc1c(O)cc2oc(-c3ccc(O)cc3)cc(=O)c2c1O,[0 0 0 ... 0 0 0],0.96196645,1
"N-{3-[5-(1H-1,2,4-triazol-3-yl)-1H-indazol-3-yl]phenyl}furan-2-carboxamide",O=C(Nc1cccc(-c2n[nH]c3ccc(-c4nc[nH]n4)cc23)c1)c1ccco1,[0 0 0 ... 0 0 0],0.9618835,1
Tinostamustine,Cn1c(CCCCCCC(=O)NO)nc2cc(N(CCCl)CCCl)ccc21,[1 0 0 ... 0 0 0],0.9616806,1
CL-315585,C=Cc1c(C)c2cc3nc(cc4[nH]c(cc5nc(cc1[nH]2)C(C)=C5CCC(=O)OC)c(CCC(=O)O)c4C)[C@@]1(C)C3=CC=C(C(=O)OC)[C@H]1C(=O)OC,[0 0 0 ... 0 0 0],0.9606039,1
CL-315555,C=Cc1c(C)c2cc3nc(cc4[nH]c(cc5nc(cc1[nH]2)C(C)=C5CCC(=O)O)c(CCC(=O)OC)c4C)[C@@]1(C)C3=CC=C(C(=O)OC)[C@H]1C(=O)OC,[0 0 0 ... 0 0 0],0.9606039,1
Quercetin-3'-O-phosphate,O=c1c(O)c(-c2ccc(O)c(OP(=O)(O)O)c2)oc2cc(O)cc(O)c12,[0 0 0 ... 0 0 0],0.9603159,1
"5R-(3,4-DICHLOROPHENYLMETHYL)-3-(2-THIOPHENESULFONYLAMINO)-4-OXO-2-THIONOTHIAZOLIDINE",O=C1[C@@H](Cc2ccc(Cl)c(Cl)c2)SC(=S)N1NS(=O)(=O)c1cccs1,[0 0 0 ... 0 0 0],0.96017134,1
Methylene blue,CN(C)c1ccc2nc3ccc(N(C)C)cc3[s+]c2c1.[Cl-],[0 0 0 ... 0 0 0],0.95971525,1
2-[(3-Hydroxy-2-Methyl-5-Phosphonooxymethyl-Pyridin-4-Ylmethyl)-Imino]-5-Phosphono-Pent-3-Enoic Acid,Cc1ncc(COP(=O)(O)O)c(C/N=C(\C=C\CP(=O)(O)O)C(=O)O)c1O,[0 0 0 ... 0 0 0],0.95965356,1
Icaritin,COc1ccc(-c2oc3c(CC=C(C)C)c(O)cc(O)c3c(=O)c2O)cc1,[0 0 0 ... 0 0 0],0.9595653,1
"N'-[4-(2,4-Dimethyl-1,3-thiazol-5-yl)-2-pyrimidinyl]-N-hydroxyimidoformamide",Cc1nc(C)c(-c2ccnc(/N=C/NO)n2)s1,[0 0 0 ... 0 0 0],0.9594779,1
"4-{4-[3-(2,4-DICHLORO-BENZOYL)-UREIDO]-2,3-DIMETHYL-PHENOXY}-BUTYRIC ACID",Cc1c(NC(=O)NC(=O)c2ccc(Cl)cc2Cl)ccc(OCCCC(=O)O)c1C,[0 0 0 ... 0 0 0],0.9587389,1
Boclatixafortide gallium Ga-68,CN1C(=O)[C@@H](Cc2ccc([O-])cc2)/N=C(\[O-])C/N=C(\O)[C@H](Cc2ccc3ccccc3c2)/N=C(\O)[C@H](CCCNC(=N)N)/N=C(\O)[C@H]1CCCNC(=O)c1ccc(C/N=C(\[O-])CN2CCN(CC(=O)O)CCN(CC(=O)O)CCN(CC(=O)O)CC2)cc1.[270Ga+3],[0 0 0 ... 0 0 0],0.9586937,1
Pittsburgh Compound B,[11CH3]Nc1ccc(-c2nc3ccc(O)cc3s2)cc1,[0 0 0 ... 0 0 0],0.95858586,1
Zipalertinib,C=CC(=O)N[C@H]1C=C(C)c2c(-c3cnc4ccccc4c3)c3c(N)ncnc3n2C1,[1 0 0 ... 0 0 0],0.95852846,1
Dotamtate Pb-212,C[C@@H](O)[C@H](N=C(O)[C@@H]1CSSC[C@H](N=C(O)[C@@H](Cc2ccccc2)N=C(O)CN2CCN(CC(=N)O)CCN(CC(=N)[O-])CCN(CC(=N)O)CC2)C(O)=N[C@@H](Cc2ccc([O-])cc2)C(O)=N[C@H](Cc2c[nH]c3ccccc23)C(O)=N[C@@H](CCCCN)C(O)=N[C@@H]([C@@H](C)O)C(O)=N1)C(=O)O.[212Pb+2],[0 1 0 ... 0 0 0],0.9581956,1
2-(2-Hydroxy-5-Methoxy-Phenyl)-1h-Benzoimidazole-5-Carboxamidine,COc1ccc(O)c(-c2nc3cc(C(N)=[NH2+])ccc3[nH]2)c1,[0 0 0 ... 0 0 0],0.95812285,1
Phenothrin,CC(C)=CC1C(C(=O)OCc2cccc(Oc3ccccc3)c2)C1(C)C,[0 0 0 ... 0 0 0],0.9580337,1
Amithiozone,CC(=O)Nc1ccc(/C=N/NC(N)=S)cc1,[0 0 0 ... 0 0 0],0.9579039,1
"4-(6-HYDROXY-BENZO[D]ISOXAZOL-3-YL)BENZENE-1,3-DIOL",Oc1ccc(-c2noc3cc(O)ccc23)c(O)c1,[0 0 0 ... 0 0 0],0.9578756,1
VM4-037,CC(C)[C@@H](C(=O)N[C@@H](Cc1ccc(OCCF)cc1)C(=O)O)n1cc(COc2ccc3nc(S(N)(=O)=O)sc3c2)nn1,[0 1 0 ... 0 0 0],0.95777136,1
Methyl red,CN(C)c1ccc(/N=N/c2ccccc2C(=O)O)cc1,[0 0 0 ... 0 0 0],0.9576967,1
Roquinimex,CN(C(=O)c1c(O)c2ccccc2n(C)c1=O)c1ccccc1,[0 0 0 ... 0 0 0],0.95766103,1
Bilh 434,Cc1ccc2c(c1)C(=O)[C@]1(O[C@@H](c3ccc(Cl)c(Cl)c3)[C@@H](C(=O)Nc3ccc(-c4csnn4)cc3)[C@H]1C(=O)O)C2=O,[0 0 0 ... 0 0 0],0.9575996,1
TTI-101,COc1ccc(S(=O)(=O)Nc2cc(-c3c(O)ccc4ccccc34)c(O)c3ccccc23)cc1,[0 0 0 ... 0 0 0],0.9575581,1
T-5224,O=C(O)CCc1cc(C(=O)c2ccc(OC3CCCC3)cc2O)ccc1OCc1ccc2c(O)noc2c1,[0 0 0 ... 0 0 0],0.9572233,1
S-49076,O=C1Nc2ccc(CN3C(=O)CSC3=O)cc2/C1=C/c1cc(CN2CCOCC2)c[nH]1,[0 0 0 ... 0 0 0],0.9568361,1
N-Coeleneterazine,O=C1N2C=C(c3ccc(O)cc3)N[C@@H](Cc3ccccc3)C2=N[C@@]1(Cc1ccc2ccccc2c1)OO,[0 0 0 ... 0 0 0],0.956708,1
Linafexor,O=c1[nH]c(-c2ccc(N3[C@@H]4CC[C@H]3C[C@@H](OCc3c(-c5c(Cl)cccc5Cl)noc3C3CC3)C4)cc2F)no1,[0 0 0 ... 0 0 0],0.9565096,1
"2-(4-fluorophenyl)-N-{[3-fluoro-4-(1H-pyrrolo[2,3-b]pyridin-4-yloxy)phenyl]carbamoyl}acetamide",O=C(Cc1ccc(F)cc1)NC(=O)Nc1ccc(Oc2ccnc3[nH]ccc23)c(F)c1,[0 0 1 ... 0 0 0],0.95649713,1
Diazepinomicin,CC(C)=CCC/C(C)=C/CC/C(C)=C/CN1C(=O)c2cccc(O)c2Nc2c(O)cc(O)cc21,[0 0 0 ... 0 0 0],0.95625573,1
(2Z)-1-(5-Chloro-1H-indol-3-yl)-3-hydroxy-3-(1H-tetrazol-5-yl)-2-propen-1-one,O=C(/C=C(\O)c1nnn[nH]1)c1c[nH]c2ccc(Cl)cc12,[0 0 0 ... 0 0 0],0.955919,1
Rifamycin,CO[C@H]1/C=C/O[C@@]2(C)Oc3c(C)c(O)c4c(O)c(cc(O)c4c3C2=O)NC(=O)/C(C)=C\C=C\[C@H](C)[C@H](O)[C@@H](C)[C@@H](O)[C@@H](C)[C@H](OC(C)=O)[C@@H]1C,[0 0 0 ... 1 0 0],0.95586294,1
Methylthioninium,CN(C)c1ccc2nc3ccc(N(C)C)cc3[s+]c2c1,[0 0 0 ... 0 0 0],0.9550774,1
Belumosudil,CC(C)NC(=O)COc1cccc(-c2nc(Nc3ccc4[nH]ncc4c3)c3ccccc3n2)c1,[0 1 0 ... 0 0 0],0.9545998,1
Sonidegib,Cc1c(C(=O)Nc2ccc(N3C[C@@H](C)O[C@@H](C)C3)nc2)cccc1-c1ccc(OC(F)(F)F)cc1,[0 0 0 ... 0 0 0],0.95406806,1
Saracatinib,CN1CCN(CCOc2cc(OC3CCOCC3)c3c(Nc4c(Cl)ccc5c4OCO5)ncnc3c2)CC1,[0 0 0 ... 0 0 0],0.95396054,1
Lifirafenib,O=C1CCc2c(Oc3ccc4c(c3)[C@@H]3[C@H](O4)[C@H]3c3nc4ccc(C(F)(F)F)cc4[nH]3)ccnc2N1,[0 0 0 ... 0 0 0],0.9539065,1
Rifaximin,CO[C@H]1/C=C/O[C@@]2(C)Oc3c(C)c(O)c4c(O)c(c5c(nc6cc(C)ccn65)c4c3C2=O)NC(=O)/C(C)=C\C=C\[C@H](C)[C@H](O)[C@@H](C)[C@@H](O)[C@@H](C)[C@H](OC(C)=O)[C@@H]1C,[0 0 0 ... 1 0 0],0.9534699,1
"{4-[(2s,4e)-2-(1,3-Benzothiazol-2-Yl)-2-(1h-1,2,3-Benzotriazol-1-Yl)-5-Phenylpent-4-Enyl]Phenyl}(Difluoro)Methylphosphonic Acid",O=P(O)(O)C(F)(F)c1ccc(C[C@](C/C=C/c2ccccc2)(c2nc3ccccc3s2)n2nnc3ccccc32)cc1,[0 0 0 ... 0 0 0],0.9528452,1
Irinotecan,CCc1c2c(nc3ccc(OC(=O)N4CCC(N5CCCCC5)CC4)cc13)-c1cc3c(c(=O)n1C2)COC(=O)[C@]3(O)CC,[0 0 1 ... 0 0 0],0.95260304,1
OSI-930,O=C(Nc1ccc(OC(F)(F)F)cc1)c1sccc1NCc1ccnc2ccccc12,[0 0 0 ... 0 0 0],0.95225203,1
PTI-110,O=C(Nc1ccc(O)c(O)c1)c1ccc(O)c(O)c1,[0 0 0 ... 0 0 0],0.9522478,1
Vutiglabridin,CCOc1ccc(C2COc3c(ccc4c3CCC(C)(C)O4)C2)c(O)c1,[0 0 0 ... 1 0 0],0.9513716,1
Protoporphyrin,C=CC1=C(C)c2cc3[nH]c(cc4nc(cc5[nH]c(cc1n2)c(C)c5CCC(=O)O)C(CCC(=O)O)=C4C)c(C)c3C=C,[0 0 0 ... 0 0 0],0.9510088,1
Regrelor,CCNC(=O)Nc1ncnc2c1ncn2[C@@H]1O[C@H](COP(=O)(O)O)[C@H]2O[C@H](/C=C/c3ccccc3)O[C@H]21,[0 0 0 ... 0 0 0],0.9509364,1
Lisavanbulin,N#CCCNc1nonc1-c1nc2ccccc2n1CC(=O)c1ccc(NC(=O)[C@@H](N)CCCCN)cc1,[0 1 0 ... 0 0 0],0.9486282,1
Indoleacetamide,NC(=O)Cc1c[nH]c2ccccc12,[0 0 0 ... 0 0 0],0.94835246,1
Coleneuramide,CO[C@]1(C(=O)N[C@@H]2CC[C@@]3(C)[C@@H](CC[C@@H]4[C@@H]3CC[C@]3(C)[C@@H]([C@H](C)CCCC(C)C)CC[C@@H]43)C2)C[C@H](O)[C@@H](NC(C)=O)[C@H]([C@H](O)[C@H](O)CO)O1,[0 1 0 ... 0 0 0],0.9483365,1
PCI-27483,N=C(N)c1ccc2nc(-c3cc(CC(=O)N[C@@H](CC(=O)O)C(=O)O)cc(-c4cc(S(N)(=O)=O)ccc4O)c3O)[nH]c2c1,[0 1 0 ... 0 0 0],0.94808555,1
Lavendustin A,O=C(O)c1cc(N(Cc2ccccc2O)Cc2cc(O)ccc2O)ccc1O,[0 0 0 ... 0 0 0],0.9477382,1
"4-{5-[(Z)-(2-Imino-4-Oxo-1,3-Thiazolidin-5-Ylidene)methyl]-2-Furyl}-N-Methylbenzenesulfonamide",CNS(=O)(=O)c1ccc(-c2ccc(/C=C3\SC(=N)NC3=O)o2)cc1,[0 0 0 ... 0 0 0],0.9476342,1
Maralixibat,CCCCC1(CCCC)CS(=O)(=O)c2ccc(N(C)C)cc2[C@@H](c2ccc(OCc3ccc(C[N+]45CCN(CC4)CC5)cc3)cc2)[C@H]1O,[0 0 0 ... 0 0 0],0.94687873,1
N-[3-(1H-BENZIMIDAZOL-2-YL)-1H-PYRAZOL-4-YL]BENZAMIDE,O=C(Nc1c[nH]nc1-c1nc2ccccc2[nH]1)c1ccccc1,[0 0 0 ... 0 0 0],0.94679195,1
3-(6-HYDROXY-NAPHTHALEN-2-YL)-BENZO[D]ISOOXAZOL-6-OL,Oc1ccc2cc(-c3noc4cc(O)ccc34)ccc2c1,[0 0 0 ... 0 0 0],0.9467737,1
Oxetorone,CN(C)CCC=C1c2ccccc2OCc2c1oc1ccccc21,[0 0 0 ... 0 0 0],0.9467066,1
Varoglutamstat,CCCOc1ccc([C@H]2CNC(=O)N2c2ccc3[nH]cnc3c2)cc1,[0 0 0 ... 0 0 0],0.9448686,1
Isorhamnetin,COc1cc(-c2oc3cc(O)cc(O)c3c(=O)c2O)ccc1O,[0 0 0 ... 0 0 0],0.94430757,1
Amrubicin,CC(=O)[C@]1(N)Cc2c(O)c3c(c(O)c2[C@@H](O[C@H]2C[C@H](O)[C@H](O)CO2)C1)C(=O)c1ccccc1C3=O,[0 1 0 ... 0 0 0],0.9432149,1
FDL169,CCOc1ccc2c(-c3cccc(F)c3)nn(CC(=O)N(C)c3ccc4nc(C)oc4c3)c(=O)c2c1,[0 0 0 ... 0 0 0],0.9425986,1
4-[[2-[[4-chloro-3-(trifluoromethyl)phenyl]amino]-3H-benzimidazol-5-yl]oxy]-N-methyl-pyridine-2-carboxamide,CNC(=O)c1cc(Oc2ccc3nc(Nc4ccc(Cl)c(C(F)(F)F)c4)[nH]c3c2)ccn1,[0 0 0 ... 0 0 0],0.9424824,1
Pyrvinium,Cc1cc(/C=C/c2ccc3cc(N(C)C)ccc3[n+]2C)c(C)n1-c1ccccc1,[0 0 0 ... 0 0 0],0.94241834,1
Caflanone,COc1cc(-c2cc(=O)c3c(O)cc(O)c(CC=C(C)C)c3o2)ccc1O,[0 0 0 ... 0 0 0],0.9399076,1
Chlorogenic Acid,O=C(/C=C/c1ccc(O)c(O)c1)O[C@@H]1C[C@](O)(C(=O)O)C[C@@H](O)[C@H]1O,[0 0 0 ... 0 0 0],0.93867046,1
"4-[(4-O-SULFAMOYLBENZYL)(4-CYANOPHENYL)AMINO]-4H-[1,2,4]-TRIAZOLE",N#Cc1ccc(N(Cc2ccc(OS(N)(=O)=O)cc2)n2cnnc2)cc1,[0 0 0 ... 0 0 0],0.9382515,1
N-1H-indazol-5-yl-2-(6-methylpyridin-2-yl)quinazolin-4-amine,Cc1cccc(-c2nc(Nc3ccc4[nH]ncc4c3)c3ccccc3n2)n1,[0 0 0 ... 0 0 0],0.93809974,1
Ceftobiprole medocaril,Cc1oc(=O)oc1COC(=O)N1CC[C@@H](N2CC/C(=C\C3=C(C(=O)O)N4C(=O)[C@@H](NC(=O)/C(=N\O)c5nsc(N)n5)[C@H]4SC3)C2=O)C1,[0 0 0 ... 0 0 0],0.93803483,1
Dabigatran etexilate,CCCCCCOC(=O)/N=C(/N)c1ccc(NCc2nc3cc(C(=O)N(CCC(=O)OCC)c4ccccn4)ccc3n2C)cc1,[0 0 0 ... 0 0 0],0.9376449,1
"(1S)-1-(1H-INDOL-3-YLMETHYL)-2-(2-PYRIDIN-4-YL-[1,7]NAPHTYRIDIN-5-YLOXY)-EHYLAMINE",N[C@H](COc1cncc2nc(-c3ccncc3)ccc12)Cc1c[nH]c2ccccc12,[0 1 0 ... 0 0 0],0.9368575,1
"naphthalene-1,2,4,5,7-pentol",Oc1cc(O)c2c(O)cc(O)c(O)c2c1,[0 0 0 ... 0 0 0],0.9366513,1
Pazopanib,Cc1ccc(Nc2nccc(N(C)c3ccc4c(C)n(C)nc4c3)n2)cc1S(N)(=O)=O,[0 0 0 ... 0 0 0],0.93628323,1
THK-5351 F-18,CNc1ccc(-c2ccc3cc(OC[C@H](O)C[18F])ccc3n2)cn1,[0 1 0 ... 0 0 0],0.9359487,1
THK-5351,CNc1ccc(-c2ccc3cc(OC[C@H](O)CF)ccc3n2)cn1,[0 1 0 ... 0 0 0],0.9359487,1
Chrysin,O=c1cc(-c2ccccc2)oc2cc(O)cc(O)c12,[0 0 0 ... 0 0 0],0.93591094,1
Plicamycin,CO[C@H](C(=O)[C@@H](O)[C@@H](C)O)[C@@H]1Cc2cc3cc(O[C@H]4C[C@@H](O[C@H]5C[C@@H](O)[C@H](O)[C@@H](C)O5)[C@H](O)[C@@H](C)O4)c(C)c(O)c3c(O)c2C(=O)[C@H]1O[C@H]1C[C@@H](O[C@H]2C[C@@H](O[C@H]3C[C@](C)(O)[C@H](O)[C@@H](C)O3)[C@@H](O)[C@@H](C)O2)[C@H](O)[C@@H](C)O1,[1 1 0 ... 0 0 0],0.9354799,1
Isoquercetin,O=c1c(O[C@@H]2O[C@H](CO)[C@@H](O)[C@H](O)[C@H]2O)c(-c2ccc(O)c(O)c2)oc2cc(O)cc(O)c12,[0 0 0 ... 0 0 0],0.9352648,1
N-({4-[(2-aminopyridin-4-yl)oxy]-3-fluorophenyl}carbamoyl)-2-(4-fluorophenyl)acetamide,Nc1cc(Oc2ccc(NC(=O)NC(=O)Cc3ccc(F)cc3)cc2F)ccn1,[0 0 0 ... 0 0 0],0.9339598,1
Permethrin,CC1(C)C(C=C(Cl)Cl)C1C(=O)OCc1cccc(Oc2ccccc2)c1,[0 0 0 ... 0 0 0],0.93352383,1
(Z)-3-BENZYL-5-(2-HYDROXY-3-NITROBENZYLIDENE)-2-THIOXOTHIAZOLIDIN-4-ONE,O=C1/C(=C/c2cccc([N+](=O)[O-])c2O)SC(=S)N1Cc1ccccc1,[0 0 0 ... 0 0 0],0.93316567,1
"5-(2-Fluoro-5-{(1E)-3-[3-hydroxy-2-(methoxycarbonyl)phenoxy]-1-propen-1-yl}phenyl)-1,2-oxazole-3-carboxylic acid",COC(=O)c1c(O)cccc1OC/C=C/c1ccc(F)c(-c2cc(C(=O)O)no2)c1,[0 0 0 ... 0 0 0],0.93309987,1
LY-3023414,CO[C@@H](C)Cn1c(=O)n(C)c2cnc3ccc(-c4cncc(C(C)(C)O)c4)cc3c21,[0 1 0 ... 0 0 0],0.93266124,1
Deglucobalhimycin,CN[C@H](CC(C)C)C(=O)N[C@H]1C(=O)N[C@@H](CC(N)=O)C(=O)N[C@H]2C(=O)N[C@H]3C(=O)N[C@H](C(=O)N[C@H](C(=O)O)c4cc(O)cc(O)c4-c4cc3ccc4O)[C@H](O[C@H]3C[C@](C)(N)C(O)(O)[C@H](C)O3)c3ccc(c(Cl)c3)Oc3cc2cc(c3O)Oc2ccc(cc2Cl)[C@H]1O,[0 1 0 ... 0 0 0],0.93252707,1
"N'-(5-chloro-1,3-benzodioxol-4-yl)-N-(3-methylsulfonylphenyl)pyrimidine-2,4-diamine",CS(=O)(=O)c1cccc(Nc2nccc(Nc3c(Cl)ccc4c3OCO4)n2)c1,[0 0 0 ... 0 0 0],0.9323754,1
3-{ISOPROPYL[(TRANS-4-METHYLCYCLOHEXYL)CARBONYL]AMINO}-5-PHENYLTHIOPHENE-2-CARBOXYLIC ACID,CC(C)N(c1cc(-c2ccccc2)sc1C(=O)O)C(=O)[C@H]1CC[C@H](C)CC1,[0 1 0 ... 0 0 0],0.932358,1
10-decarboxymethylaclacinomycin A,CC[C@]1(O)Cc2cc3c(c(O)c2[C@@H](O[C@H]2C[C@H](N(C)C)[C@H](O[C@@H]4C[C@H](O)[C@@H](O[C@H]5CCC(=O)[C@@H](C)O5)[C@H](C)O4)[C@H](C)O2)C1)C(=O)c1c(O)cccc1C3=O,[0 0 0 ... 0 0 0],0.9322024,1
N-[(Furan-2-Yl)Carbonyl]-(S)-Leucyl-(R)-[1-Amino-2(1h-Indol-3-Yl)Ethyl]-Phosphonic Acid,CC(C)C[C@H](NC(=O)c1ccco1)C(=O)N[C@@H](Cc1c[nH]c2ccccc12)P(=O)(O)O,[0 1 0 ... 0 0 0],0.9321473,1
Orforglipron,Cc1cc(-n2nc3c(c2-n2ccn(-c4ccc5c(cnn5C)c4F)c2=O)[C@H](C)N(C(=O)c2cc4cc([C@H]5CCOC(C)(C)C5)ccc4n2[C@@]2(c4noc(=O)[nH]4)C[C@@H]2C)CC3)cc(C)c1F,[0 0 0 ... 0 0 0],0.932126,1
Ziftomenib,CNc1nc(NC2CCN(Cc3ccc4c(cc(C#N)n4C[C@H](C)N4CCN(S(C)(=O)=O)CC4)c3C)CC2)c2cc(CC(F)(F)F)sc2n1,[0 1 0 ... 0 0 0],0.93200976,1
BAY-876,Cc1c(NC(=O)c2cc(C(N)=O)nc3cc(F)ccc23)c(C(F)(F)F)nn1Cc1ccc(C#N)cc1,[0 0 0 ... 0 0 0],0.93188906,1
LY-2623091,C[C@H](CN1CCOCC1)n1c(NC(N)=O)nc2cc(/C=C3\c4ccccc4COc4cc(F)ccc43)ccc21,[0 1 0 ... 0 0 0],0.9313444,1
Raltitrexed,Cc1nc(=O)c2cc(CN(C)c3ccc(C(=O)N[C@@H](CCC(=O)O)C(=O)O)s3)ccc2[nH]1,[0 1 0 ... 0 0 0],0.9313347,1
Olodaterol,COc1ccc(CC(C)(C)NC[C@H](O)c2cc(O)cc3c2OCC(=O)N3)cc1,[0 1 0 ... 0 0 0],0.930969,1
"(2S)-2-({4-[(2S)-1-(2-Amino-4-oxo-1,4-dihydro-6-quinazolinyl)-3-{[2-({(2R,3R,4S,5R)-3,4-dihydroxy-5-[(phosphonooxy)methyl]tetrahydro-2-furanyl}amino)-2-oxoethyl]amino}-2-hydroxy-2-propanyl]benzoyl}ami no)pentanedioic acid",Nc1nc(=O)c2cc(C[C@@](O)(CNCC(=O)N[C@@H]3O[C@H](COP(=O)(O)O)[C@@H](O)[C@H]3O)c3ccc(C(=O)N[C@@H](CCC(=O)O)C(=O)O)cc3)ccc2[nH]1,[0 1 0 ... 0 0 0],0.93088794,1
(2Z)-3-{[Oxido(oxo)phosphoranyl]oxy}-2-phenylacrylate,O=C([O-])/C(=C\OP(=O)=O)c1ccccc1,[0 0 0 ... 0 0 0],0.9306288,1
Dithiazanine,CCN1C(=CC=CC=Cc2sc3ccccc3[n+]2CC)Sc2ccccc21,[0 0 0 ... 0 0 0],0.9303422,1
LGD-3303,CCc1c(C)c2c3c(Cl)cc(=O)[nH]c3ccc2n1CC(F)(F)F,[0 0 0 ... 0 0 0],0.9298643,1
Kaempherol,O=c1c(O)c(-c2ccc(O)cc2)oc2cc(O)cc(O)c12,[0 0 0 ... 0 0 0],0.92976826,1
Rutin,C[C@@H]1O[C@@H](OC[C@H]2O[C@@H](Oc3c(-c4ccc(O)c(O)c4)oc4cc(O)cc(O)c4c3=O)[C@H](O)[C@@H](O)[C@@H]2O)[C@H](O)[C@H](O)[C@H]1O,[0 0 0 ... 0 0 0],0.9294471,1
Ciluprevir,COc1ccc2c(O[C@@H]3C[C@H]4C(=O)N[C@]5(C(=O)O)C[C@H]5/C=C\CCCCC[C@H](NC(=O)OC5CCCC5)C(=O)N4C3)cc(-c3csc(NC(C)C)n3)nc2c1,[0 1 1 ... 0 0 0],0.9292093,1
Pilaralisib,COc1ccc(Cl)c(Nc2nc3ccccc3nc2NS(=O)(=O)c2cccc(NC(=O)C(C)(C)N)c2)c1,[0 0 0 ... 0 0 0],0.9289786,1
AMG-319,C[C@H](Nc1ncnc2[nH]cnc12)c1cc2ccc(F)cc2nc1-c1ccccn1,[0 1 0 ... 0 0 0],0.92857283,1
"N'-[(1E)-(3,5-dibromo-2,4-dihydroxyphenyl)methylidene]-4-methoxybenzohydrazide",COc1ccc(C(=O)N/N=C/c2cc(Br)c(O)c(Br)c2O)cc1,[0 0 0 ... 0 0 0],0.9280948,1
Nifuroxazide,O=C(N/N=C/c1ccc([N+](=O)[O-])o1)c1ccc(O)cc1,[0 0 0 ... 0 0 0],0.92742443,1
Licochalcone A,C=CC(C)(C)c1cc(/C=C/C(=O)c2ccc(O)cc2)c(OC)cc1O,[0 0 0 ... 0 0 0],0.92719215,1
"5,7,2â€²-trihydroxy-6,8-dimethoxyflavone",COc1c(O)c(OC)c2oc(-c3ccccc3O)cc(=O)c2c1O,[0 0 0 ... 0 0 0],0.9267773,1
"1,8-Di-Hydroxy-4-Nitro-Xanthen-9-One",O=c1c2c(O)cccc2oc2c([N+](=O)[O-])ccc(O)c12,[0 0 0 ... 0 0 0],0.9256627,1
Macimorelin,CC(C)(N)C(=O)N[C@H](Cc1c[nH]c2ccccc12)C(=O)N[C@H](Cc1c[nH]c2ccccc12)NC=O,[0 1 0 ... 0 0 0],0.9252796,1
Monoxerutin,C[C@@H]1O[C@@H](OC[C@H]2O[C@@H](Oc3c(-c4ccc(O)c(O)c4)oc4cc(OCCO)cc(O)c4c3=O)[C@H](O)[C@@H](O)[C@@H]2O)[C@H](O)[C@H](O)[C@H]1O,[0 0 0 ... 0 0 0],0.92486787,1
NM-3,COc1cc(O)c2c(=O)oc(C(C)C(=O)O)cc2c1,[1 1 0 ... 0 0 0],0.9247914,1
Florbetapir F-18,CNc1ccc(/C=C/c2ccc(OCCOCCOCC[18F])nc2)cc1,[0 0 0 ... 0 0 0],0.9247033,1
3-Hydroxypropyl 3-[(7-carbamimidoyl-1-naphthyl)carbamoyl]benzenesulfonate,N=C(N)c1ccc2cccc(NC(=O)c3cccc(S(=O)(=O)OCCCO)c3)c2c1,[0 0 0 ... 0 0 0],0.9246013,1
PF-06459988,C=CC(=O)N1C[C@H](COc2nc(Nc3cnn(C)c3)nc3[nH]cc(Cl)c23)[C@@H](OC)C1,[0 0 0 ... 0 0 0],0.92459804,1
BIIB021,COc1c(C)cnc(Cn2cnc3c(Cl)nc(N)nc32)c1C,[0 0 0 ... 0 0 0],0.92457175,1
Lumacaftor,Cc1ccc(NC(=O)C2(c3ccc4c(c3)OC(F)(F)O4)CC2)nc1-c1cccc(C(=O)O)c1,[0 0 0 ... 0 0 0],0.92454636,1
11C-AMT,[11CH3][C@](N)(Cc1c[nH]c2ccccc12)C(=O)O,[0 0 0 ... 0 0 0],0.9245126,1
5-monophosphate-9-beta-D-ribofuranosyl xanthine,O=c1[nH]c(=O)c2[nH]c[n+]([C@@H]3O[C@H](COP(=O)(O)O)[C@@H](O)[C@H]3O)c2[nH]1,[0 0 0 ... 0 0 0],0.92405295,1
GSK-1292263,CC(C)c1noc(N2CCC(COc3ccc(-c4ccc(S(C)(=O)=O)cc4)nc3)CC2)n1,[0 1 0 ... 0 0 0],0.9240459,1
"(10R)-10-formyl-5,8,10-trideazafolic acid",Nc1nc(=O)c2cc(C[C@@H](C(=O)O)c3ccc(C(=O)N[C@@H](CCC(=O)O)C(=O)O)cc3)ccc2[nH]1,[0 1 0 ... 0 0 0],0.92400914,1
"10-formyl-5,8,10-trideazafolic acid",Nc1nc(=O)c2cc(C[C@H](C(=O)O)c3ccc(C(=O)N[C@@H](CCC(=O)O)C(=O)O)cc3)ccc2[nH]1,[0 1 0 ... 0 0 0],0.92400914,1
"9-Hydroxy-8-Methoxy-6-Nitro-Phenanthrol[3,4-D][1,3]Dioxole-5-Carboxylic Acid",COc1c(O)ccc2c1cc([N+](=O)[O-])c1c(C(=O)O)cc3c(c12)OCO3,[0 0 0 ... 0 0 0],0.9238733,1
Gentian violet cation,CN(C)c1ccc(C(=C2C=CC(=[N+](C)C)C=C2)c2ccc(N(C)C)cc2)cc1,[0 0 0 ... 0 0 0],0.92249525,1
Indolepropionic acid,O=C(O)CCc1c[nH]c2ccccc12,[0 0 0 ... 0 0 0],0.92246693,1
Voxilaprevir,CC[C@@H]1[C@@H]2CN(C(=O)[C@H](C(C)(C)C)NC(=O)O[C@@H]3C[C@H]3CCCCC(F)(F)c3nc4ccc(OC)cc4nc3O2)[C@@H]1C(=O)N[C@]1(C(=O)NS(=O)(=O)C2(C)CC2)C[C@H]1C(F)F,[0 1 0 ... 0 0 0],0.9216635,1
Nifurtoinol,O=C1CN(/N=C/c2ccc([N+](=O)[O-])o2)C(=O)N1CO,[0 0 0 ... 0 0 0],0.9212872,1
BMS-986251,C[C@H]1C[C@H](C(=O)O)CC[C@H]1C(=O)N1CC[C@@]2(S(=O)(=O)c3ccc(F)cc3)c3ccc(C(F)(C(F)(F)F)C(F)(F)F)cc3CC[C@@H]12,[0 0 0 ... 0 0 0],0.920572,1
XV638,O=C(Nc1nccs1)c1cccc(CN2C(=O)N(Cc3cccc(C(=O)Nc4nccs4)c3)[C@H](Cc3ccccc3)[C@H](O)[C@@H](O)[C@H]2Cc2ccccc2)c1,[0 0 0 ... 0 0 0],0.91951996,1
Ataciguat,O=C(Nc1ccc(S(=O)(=O)N2CCOCC2)cc1)c1cc(Cl)ccc1NS(=O)(=O)c1ccc(Cl)s1,[0 0 0 ... 0 0 0],0.9184127,1
N-Methylnaloxonium,C=CC[N@+]1(C)CC[C@]23c4c5ccc(O)c4O[C@H]2C(=O)CC[C@@]3(O)[C@H]1C5,[0 0 0 ... 0 0 0],0.91834456,1
"2,4-Diamino-6-[N-(2',5'-Dimethoxybenzyl)-N-Methylamino]Quinazoline",COc1ccc(OC)c(CN(C)c2ccc3nc(N)nc(N)c3c2)c1,[0 0 0 ... 0 0 0],0.91805255,1
AR-AO-14418,COc1ccc(CNC(=O)Nc2ncc([N+](=O)[O-])s2)cc1,[0 0 0 ... 0 0 0],0.91789925,1
BMS-599626,Cc1c(NC(=O)OC[C@@H]2COCCN2)cn2ncnc(Nc3ccc4c(cnn4Cc4cccc(F)c4)c3)c12,[0 0 0 ... 0 1 0],0.91784483,1
Acetazolamide,CC(=O)Nc1nnc(S(N)(=O)=O)s1,[0 0 0 ... 0 0 0],0.9177886,1
Biochanin A,COc1ccc(-c2coc3cc(O)cc(O)c3c2=O)cc1,[0 0 0 ... 0 0 0],0.91681975,1
2-Hydroxy-5-({1-[(2-Naphthyloxy)Methyl]-3-Oxoprop-1-Enyl}Amino)Tyrosine,N[C@@H](Cc1cc(N/C(=C/C=O)COc2ccc3ccccc3c2)c(O)cc1O)C(=O)O,[0 1 0 ... 0 0 0],0.9167905,1
Cloxazolam,O=C1CN2CCOC2(c2ccccc2Cl)c2cc(Cl)ccc2N1,[0 0 0 ... 0 0 0],0.91615975,1
Furazolidone,O=C1OCCN1/N=C/c1ccc([N+](=O)[O-])o1,[0 0 0 ... 0 0 0],0.9159743,1
Disperse Blue 106,CCN(CCO)c1ccc(/N=N/c2ncc([N+](=O)[O-])s2)c(C)c1,[0 0 0 ... 0 0 0],0.91580117,1
KB3305,CC#C[C@@]1(O)CC[C@H]2[C@@H]3CCC4=CC(=O)CCC4=C3[C@@H](c3ccc(N(C)CCO[C@H]4CC[C@]5(C)[C@@H](C4)C[C@@H](O)[C@@H]4[C@@H]5C[C@H](O)[C@@]5(C)[C@@H]([C@H](C)CCC(=O)O)CC[C@@H]45)cc3)C[C@]21C,[0 1 0 ... 0 0 0],0.9151476,1
Tegaserod,CCCCCNC(=N)N/N=C/c1c[nH]c2ccc(OC)cc12,[0 0 0 ... 0 0 0],0.9150932,1
Pirenoxine,O=C(O)c1cc(O)c2c3nc4ccccc4oc-3cc(=O)c2n1,[0 0 0 ... 0 0 0],0.91506284,1
Fobrepodacin,CCNC(=O)Nc1nc2cc(-c3cnc(C(C)(C)OP(=O)(O)O)nc3)c(F)c([C@H]3CCCO3)c2[nH]1,[0 0 0 ... 0 0 0],0.91490185,1
AMG-208,COc1ccc2c(OCc3nnc4ccc(-c5ccccc5)nn34)ccnc2c1,[0 1 0 ... 0 0 0],0.91469085,1
Amcasertib,CCN(CC)CCNC(=O)c1c(C)[nH]c(/C=C2\C(=O)Nc3ccc(-c4csc(-c5ccccc5)n4)cc32)c1C,[0 0 0 ... 0 0 0],0.914449,1
MK-4965,N#Cc1cc(Cl)cc(Oc2cc(OCc3n[nH]c4nc(N)ccc34)ccc2Cl)c1,[0 0 0 ... 0 0 0],0.9143124,1
Plevitrexed,C#CCN(Cc1cc2c(=O)nc(C)[nH]c2cc1C)c1ccc(C(=O)N[C@@H](CCc2nnn[nH]2)C(=O)O)c(F)c1,[0 1 0 ... 0 0 0],0.91386586,1
"5-(4-METHYL-BENZOYLAMINO)-BIPHENYL-3,4'-DICARBOXYLIC ACID 3-DIMETHYLAMIDE-4'-HYDROXYAMIDE",Cc1ccc(C(=O)Nc2cc(C(=O)N(C)C)cc(-c3ccc(C(=O)NO)cc3)c2)cc1,[0 0 0 ... 0 0 0],0.9137103,1
Salvianolic acid B,O=C(/C=C/c1ccc(O)c2c1[C@H](C(=O)O[C@H](Cc1ccc(O)c(O)c1)C(=O)O)[C@@H](c1ccc(O)c(O)c1)O2)O[C@H](Cc1ccc(O)c(O)c1)C(=O)O,[0 1 0 ... 0 0 0],0.91337365,1
PLX8394,O=C(c1c(F)ccc(NS(=O)(=O)N2CC[C@@H](F)C2)c1F)c1c[nH]c2ncc(-c3cnc(C4CC4)nc3)cc12,[0 0 0 ... 0 0 0],0.9121676,1
TMC-310911,CC(C)CN(C[C@@H](O)[C@H](Cc1ccccc1)NC(=O)O[C@H]1CO[C@H]2OCC[C@H]21)S(=O)(=O)c1ccc2nc(NC3CCN(C4CCCC4)CC3)sc2c1,[0 1 0 ... 0 0 0],0.91182226,1
4-[(2-{4-[(CYCLOPROPYLCARBAMOYL)AMINO]-1H-PYRAZOL-3-YL}-1H-BENZIMIDAZOL-6-YL)METHYL]MORPHOLIN-4-IUM,O=C(Nc1c[nH]nc1-c1nc2ccc(C[NH+]3CCOCC3)cc2[nH]1)NC1CC1,[0 0 0 ... 0 0 0],0.9113554,1
Exisulind,CC1=C(CC(=O)O)c2cc(F)ccc2/C1=C\c1ccc(S(C)(=O)=O)cc1,[0 0 0 ... 0 0 0],0.911303,1
ATX-914,C#CCOc1ccc2c(c1)c(-c1ccc(C(C)C)cc1)nc(=O)n2Cc1ccc2nc(Br)cnc2c1,[0 1 0 ... 0 0 0],0.9110723,1
JNJ-38877618,FC(F)(c1ccc2ncccc2c1)c1nnc2ccc(-c3ccncc3)nn12,[0 1 0 ... 0 0 0],0.91073126,1
4-Iodobenzo[B]Thiophene-2-Carboxamidine,NC(=[NH2+])c1cc2c(I)cccc2s1,[0 0 0 ... 0 0 0],0.9104543,1
Gemcitabine,Nc1ccn([C@@H]2O[C@H](CO)[C@@H](O)C2(F)F)c(=O)n1,[0 0 0 ... 0 0 0],0.9103563,1
Givinostat,CCN(CC)Cc1ccc2cc(COC(=O)Nc3ccc(C(=O)NO)cc3)ccc2c1,[0 0 0 ... 0 0 0],0.91006756,1
Nanatinostat,O=C(NO)c1cnc(N2C[C@@H]3[C@H](C2)[C@H]3NCc2ccc3cc(F)ccc3n2)nc1,[0 0 0 ... 0 0 0],0.9092704,1
3-{6-[(8-HYDROXY-QUINOLINE-2-CARBONYL)-AMINO]-2-THIOPHEN-2-YL-HEXANOYLAMINO}-4-OXO-BUTYRI ACID,O=C[C@H](CC(=O)O)NC(=O)[C@@H](CCCCNC(=O)c1ccc2cccc(O)c2n1)c1cccs1,[0 1 0 ... 0 0 0],0.90912616,1
Trypan blue free acid,Cc1cc(-c2ccc(/N=N/c3c(S(=O)(=O)O)cc4cc(S(=O)(=O)O)cc(N)c4c3O)c(C)c2)ccc1/N=N/c1c(S(=O)(=O)O)cc2cc(S(=O)(=O)O)cc(N)c2c1O,[1 0 0 ... 0 0 0],0.9089482,1
Rhamnetin,COc1cc(O)c2c(=O)c(O)c(-c3ccc(O)c(O)c3)oc2c1,[0 0 0 ... 0 0 0],0.90786743,1
Eupatilin,COc1ccc(-c2cc(=O)c3c(O)c(OC)c(O)cc3o2)cc1OC,[0 0 0 ... 0 0 0],0.9078615,1
AMG-900,Cc1csc(-c2nnc(Nc3ccc(Oc4ncccc4-c4ccnc(N)n4)cc3)c3ccccc23)c1,[0 0 0 ... 0 0 0],0.90769064,1
Riboflavin tetrabutyrate,CCCC(=O)OC[C@@H](OC(=O)CCC)[C@@H](OC(=O)CCC)[C@H](Cn1c2nc(=O)[nH]c(=O)c-2nc2cc(C)c(C)cc21)OC(=O)CCC,[0 1 0 ... 0 0 0],0.90752435,1
(1S)-1-Phenylethyl (4-acetamidobenzyl)phosphonate,CC(=O)Nc1ccc(CP(=O)([O-])O[C@@H](C)c2ccccc2)cc1,[0 1 0 ... 0 0 0],0.90746456,1
Chrysoeriol,COc1cc(-c2cc(=O)c3c(O)cc(O)cc3o2)ccc1O,[0 0 0 ... 0 0 0],0.90738046,1
Funapide,O=C1N(Cc2ccc(C(F)(F)F)o2)c2ccccc2[C@]12COc1cc3c(cc12)OCO3,[0 0 0 ... 0 0 0],0.90725935,1
GS-9256,COc1ccc2c(O[C@@H]3C[C@H]4C(=O)N[C@]5(P(=O)(O)Cc6c(F)cccc6F)C[C@H]5CCCCCCC[C@H](NC(=O)OC5CCCC5)C(=O)N4C3)cc(-c3csc(NC(C)C)n3)nc2c1Cl,[0 1 1 ... 0 0 0],0.9071176,1
Dipropyl-4-hydroxytryptamine,CCCN(CCC)CCc1c[nH]c2cccc(O)c12,[0 0 0 ... 0 0 0],0.9064978,1
"4-CHLORO-3',3''-DIBROMOPHENOL-1,8-NAPHTHALEIN",O=C1OC(c2ccc(O)c(Br)c2)(c2ccc(O)c(Br)c2)c2cccc3c(Cl)ccc1c23,[0 0 0 ... 0 0 0],0.9060575,1
Cavosonstat,O=C(O)c1ccc(-c2ccc3cc(O)ccc3n2)c(Cl)c1,[0 1 0 ... 0 0 0],0.90596116,1
Isoquercitrin,O=c1c(O[C@@H]2O[C@H]([C@H](O)CO)[C@H](O)[C@H]2O)c(-c2ccc(O)c(O)c2)oc2cc(O)cc(O)c12,[0 1 0 ... 0 0 0],0.90585804,1
[2-(1-Amino-2-Hydroxy-Propyl)-4-(4-Fluoro-1h-Indol-3-Ylmethyl)-5-Hydroxy-Imidazol-1-Yl]-Acetic Acid,C[C@H](O)[C@H](N)c1nc(Cc2c[nH]c3cccc(F)c23)c(O)n1CC(=O)O,[0 1 0 ... 0 0 0],0.9057364,1
Tiratricol,O=C(O)Cc1cc(I)c(Oc2ccc(O)c(I)c2)c(I)c1,[1 0 0 ... 0 0 0],0.90525657,1
Nifurzide,O=C(N/N=C/C=C/c1ccc([N+](=O)[O-])o1)c1ccc([N+](=O)[O-])s1,[0 0 0 ... 0 0 0],0.9051591,1
Diethylamino hydroxybenzoyl hexyl benzoate,CCCCCCOC(=O)c1ccccc1C(=O)c1ccc(N(CC)CC)cc1O,[0 0 0 ... 0 0 1],0.90487164,1
Rostaporfin,CCOC(=O)C1=Cc2c3nc(cc4[n-]c(cc5nc(cc6[n-]c2[C@]1(CC)[C@@H]6C)C(CC)=C5C)c(CC)c4C)C(CC)=C3C.[Cl-].[Sn+4],[0 0 0 ... 0 0 0],0.9042611,1
Dantrolene,O=C1CN(/N=C/c2ccc(-c3ccc([N+](=O)[O-])cc3)o2)C(=O)N1,[0 0 0 ... 0 0 0],0.9039876,1
"4-((3r,4s,5r)-4-Amino-3,5-Dihydroxy-Hex-1-Ynyl)-5-Fluoro-3-[1-(3-Methoxy-1h-Pyrrol-2-Yl)-Meth-(Z)-Ylidene]-1,3-Dihydro-Indol-2-One",COc1cc[nH]c1/C=C1\C(=O)Nc2ccc(F)c(C#C[C@@H](O)[C@@H](N)[C@@H](C)O)c21,[0 1 1 ... 0 0 0],0.90381986,1
Entrectinib,CN1CCN(c2ccc(C(=O)Nc3n[nH]c4ccc(Cc5cc(F)cc(F)c5)cc34)c(NC3CCOCC3)c2)CC1,[0 0 1 ... 0 0 0],0.90375346,1
Luteolin,O=c1cc(-c2ccc(O)c(O)c2)oc2cc(O)cc(O)c12,[0 0 0 ... 0 0 0],0.90368026,1
Rifalazil,CO[C@H]1/C=C/O[C@@]2(C)Oc3c(C)c(O)c4c(=O)c(c5oc6cc(N7CCN(CC(C)C)CC7)cc(O)c6nc-5c4c3C2=O)NC(=O)/C(C)=C\C=C\[C@H](C)[C@H](O)[C@@H](C)[C@@H](O)[C@@H](C)[C@H](OC(C)=O)[C@@H]1C,[0 1 0 ... 1 0 0],0.9036445,1
Abexinostat,CN(C)Cc1c(C(=O)NCCOc2ccc(C(=O)NO)cc2)oc2ccccc12,[0 0 0 ... 0 0 0],0.903565,1
Gusacitinib,N#CCC1CCN(c2nc(Nc3ccc(N4CCC(O)CC4)cc3)c3c(=O)[nH]ncc3n2)CC1,[0 0 0 ... 0 0 0],0.9031701,1
PAT-1251,NCc1cc(Oc2cccc(C(=O)N3C[C@@H](O)[C@H](F)C3)c2)nc(C(F)(F)F)c1,[0 0 0 ... 0 0 0],0.9026094,1
"2-(6-CHLORO-3-{[2,2-DIFLUORO-2-(1-OXIDO-2-PYRIDINYL)ETHYL]AMINO}-2-OXO-1(2H)-PYRAZINYL)-N-[(2-FLUOROPHENYL)METHYL]ACETAMIDE",O=C(Cn1c(Cl)cnc(NCC(F)(F)c2cccc[n+]2[O-])c1=O)NCc1ccccc1F,[0 0 0 ... 0 0 0],0.9018644,1
Sennosides,O=C(O)c1cc(O)c2c(c1)C(C1c3cc(C(=O)O)cc(O)c3C(=O)c3c(OC4OC(CO)C(O)C(O)C4O)cccc31)c1cccc(OC3OC(CO)C(O)C(O)C3O)c1C2=O,[0 0 0 ... 0 0 0],0.9016666,1
Laquinimod,CCN(C(=O)c1c(O)c2c(Cl)cccc2n(C)c1=O)c1ccccc1,[0 0 0 ... 0 0 0],0.90159,1
Berbamine,COc1cc2c3cc1Oc1c(OC)c(OC)cc4c1[C@@H](Cc1ccc(O)c(c1)Oc1ccc(cc1)C[C@@H]3N(C)CC2)N(C)CC4,[0 0 0 ... 0 0 0],0.9014287,1
Nerofe,CC(C)C[C@@H](NC(=O)[C@H](NC(=O)[C@@H](CO)NC(=O)[C@H]1CCCN1C(=O)[C@@H](CC(C)C)NC(=O)[C@@H](Cc1ccccc1)NC(=O)[C@@H](Cc1ccccc1)NC(=O)[C@H](NC(=O)[C@@H](Cc1c[nH]c2ccccc12)NC(=O)[C@H](N)Cc1c[nH]c2ccccc12)[C@@H](C)O)[C@@H](C)O)C(=O)N[C@H](Cc1c[nH]c2ccccc12)C(=O)N[C@H](CCC(=O)O)C(=O)N[C@H](CCCNC(=N)N)C(=O)N[C@H](CCCCN)C(=O)O,[0 1 0 ... 0 0 0],0.9014034,1
"9-HYDROXY-4-PHENYL-6H-PYRROLO[3,4-C]CARBAZOLE-1,3-DIONE",O=C1NC(=O)c2c1c(-c1ccccc1)cc1[nH]c3ccc(O)cc3c21,[0 0 0 ... 0 0 0],0.9010768,1
Pralsetinib,CO[C@]1(C(=O)N[C@@H](C)c2ccc(-n3cc(F)cn3)nc2)CC[C@H](c2nc(C)cc(Nc3cc(C)[nH]n3)n2)CC1,[0 1 0 ... 0 0 0],0.89977086,1
Brivanib alaninate,Cc1cc2c(F)c(Oc3ncnn4cc(OC[C@@H](C)OC(=O)[C@H](C)N)c(C)c34)ccc2[nH]1,[0 1 0 ... 0 0 1],0.89971626,1
Pf-04531083,COc1ccc(Cl)c(-c2ccc(NC(=O)c3ccnn3C)nc2N)c1,[0 0 0 ... 0 0 0],0.8994882,1
2-Acetyl-Protoporphyrin Ix,C=C[C@H]1C2=Cc3c(C)c(CCC(=O)O)c4[n]3[Fe@]35[N]2C(=C1C)C=C1[C@@H](C(=C)O)C(C)=C(C=c2c(C)c(CCC(=O)O)c([n]23)=C4)[N]15,[0 0 0 ... 0 1 0],0.89885044,1
SLx-4090,COc1cccc(C(=O)Nc2ccc3c(c2)CCN(C(=O)Oc2ccccc2)C3)c1-c1ccc(C(F)(F)F)cc1,[0 0 0 ... 0 0 0],0.8987669,1
Vismodegib,CS(=O)(=O)c1ccc(C(=O)Nc2ccc(Cl)c(-c3ccccn3)c2)c(Cl)c1,[0 0 0 ... 0 0 0],0.89863,1
Molibresib,CCNC(=O)C[C@@H]1N=C(c2ccc(Cl)cc2)c2cc(OC)ccc2-n2c(C)nnc21,[0 0 0 ... 0 0 0],0.89840394,1
BMS-777607,CCOc1ccn(-c2ccc(F)cc2)c(=O)c1C(=O)Nc1ccc(Oc2ccnc(N)c2Cl)c(F)c1,[0 0 0 ... 0 0 0],0.89804703,1
Chiauranib,COc1ccc2c(Oc3ccc4c(C(=O)Nc5ccccc5N)cccc4c3)ccnc2c1,[0 0 0 ... 0 0 0],0.8979114,1
(4E)-N-(4-fluorophenyl)-4-[(phenylcarbonyl)imino]-4H-pyrazole-3-carboxamide,O=C(Nc1c[nH]nc1C(=O)Nc1ccc(F)cc1)c1ccccc1,[0 0 0 ... 0 0 0],0.8978128,1
E-7820,Cc1ccc(NS(=O)(=O)c2cccc(C#N)c2)c2[nH]cc(C#N)c12,[0 0 0 ... 0 0 0],0.8971508,1
Venetoclax,CC1(C)CCC(CN2CCN(c3ccc(C(=O)NS(=O)(=O)c4ccc(NCC5CCOCC5)c([N+](=O)[O-])c4)c(Oc4cnc5[nH]ccc5c4)c3)CC2)=C(c2ccc(Cl)cc2)C1,[0 0 0 ... 0 0 0],0.89695114,1
Oritavancin,CN[C@H](CC(C)C)C(=O)N[C@H]1C(=O)N[C@@H](CC(N)=O)C(=O)N[C@H]2C(=O)N[C@H]3C(=O)N[C@H](C(=O)N[C@H](C(=O)O)c4cc(O)cc(O)c4-c4cc3ccc4O)[C@H](O[C@H]3C[C@](C)(N)[C@@H](O)[C@H](C)O3)c3ccc(c(Cl)c3)Oc3cc2cc(c3O[C@@H]2O[C@H](CO)[C@@H](O)[C@H](O)[C@H]2O[C@H]2C[C@](C)(NCc3ccc(-c4ccc(Cl)cc4)cc3)[C@@H](O)[C@H](C)O2)Oc2ccc(cc2Cl)[C@H]1O,[0 1 0 ... 0 0 0],0.89665294,1
4-dimethylaminophenol,CN(C)c1ccc(O)cc1,[0 0 0 ... 0 0 0],0.89652413,1
Cymarin,CO[C@H]1C[C@H](O[C@H]2CC[C@]3(C=O)[C@H]4CC[C@]5(C)[C@@H](C6=CC(=O)OC6)CC[C@]5(O)[C@@H]4CC[C@]3(O)C2)O[C@H](C)[C@H]1O,[0 0 0 ... 0 0 0],0.89636505,1
Melphalan flufenamide,CCOC(=O)[C@H](Cc1ccc(F)cc1)NC(=O)[C@@H](N)Cc1ccc(N(CCCl)CCCl)cc1,[0 1 0 ... 0 0 0],0.8961223,1
"4-{4-[(5-hydroxy-2-methylphenyl)amino]quinolin-7-yl}-1,3-thiazole-2-carbaldehyde",Cc1ccc(O)cc1Nc1ccnc2cc(-c3csc(C=O)n3)ccc12,[0 0 0 ... 0 0 0],0.8958583,1
SRT-1720,O=C(Nc1ccccc1-c1cn2c(CN3CCNCC3)csc2n1)c1cnc2ccccc2n1,[0 0 0 ... 0 0 0],0.89545345,1
Gemcitabine elaidate,CCCCCCCC/C=C/CCCCCCCC(=O)OC[C@H]1O[C@@H](n2ccc(N)nc2=O)C(F)(F)[C@@H]1O,[0 0 0 ... 0 0 0],0.8953809,1
Sorafenib,CNC(=O)c1cc(Oc2ccc(NC(=O)Nc3ccc(Cl)c(C(F)(F)F)c3)cc2)ccn1,[0 0 0 ... 0 0 0],0.89529455,1
Bambermycins,C=C(C/C=C(\C)CCC=C(C)C)CCC(C)(C)/C=C/CC/C(C)=C/CCOC(=O)[C@H](O)COP(=O)(O)O[C@H]1O[C@H](C(=O)O)[C@@](C)(O)[C@H](OC(N)=O)[C@H]1O[C@@H]1O[C@H](CO[C@@H]2O[C@H](CO)[C@@H](O)[C@H](O)[C@H]2O)[C@@H](O[C@@H]2O[C@H](C)[C@@H](O[C@@H]3O[C@H](C(=O)NC4=C(O)CCC4=O)[C@H](O)[C@H](O)[C@H]3O)[C@H](O)[C@H]2NC(C)=O)[C@H](O)[C@H]1NC(C)=O,[0 1 0 ... 0 1 0],0.8952109,1
4-Hydroperoxy-2-Methoxy-Phenol,COc1cc(OO)ccc1O,[0 0 0 ... 0 0 0],0.89459544,1
N-[(2-AMINO-6-METHYLPYRIMIDIN-4-YL)METHYL]-3-{[(E)-(2-OXODIHYDROFURAN-3(2H)-YLIDENE)METHYL]AMINO}BENZENESULFONAMIDE,Cc1cc(CNS(=O)(=O)c2cccc(N/C=C3\CCOC3=O)c2)nc(N)n1,[0 0 0 ... 0 0 0],0.8939762,1
"4-[3-(4-chlorophenyl)-2,1-benzisoxazol-5-yl]pyrimidin-2-amine",Nc1nccc(-c2ccc3noc(-c4ccc(Cl)cc4)c3c2)n1,[0 0 0 ... 0 0 0],0.8939124,1
Indium In-111 pentetreotide,CC(O)C(CO)N=C(O)C1CSSCC(N=C(O)C(Cc2ccccc2)N=C([O-])CN(CCN(CCC(C(=O)O)C(=O)O)CC(=O)[O-])CC(=O)[O-])C(O)=NC(Cc2ccccc2)C(O)=NC(Cc2c[nH]c3ccccc23)C(O)=NC(CCCCN)C([O-])=NC(C(C)O)C(O)=N1.[111In+3],[0 1 0 ... 0 0 0],0.8937977,1
Olopatadine,CN(C)CC/C=C1/c2ccccc2COc2ccc(CC(=O)O)cc21,[0 0 0 ... 0 0 0],0.8925567,1
Tioxidazole,CCCOc1ccc2nc(NC(=O)OC)sc2c1,[0 0 0 ... 0 0 0],0.89252096,1
TG-100801,Cc1cc(-c2cc(OC(=O)c3ccccc3)ccc2Cl)cc2nnc(Nc3ccc(OCCN4CCCC4)cc3)nc12,[0 0 0 ... 0 0 0],0.89227295,1
"N~4~-(3-methyl-1H-indazol-6-yl)-N~2~-(3,4,5-trimethoxyphenyl)pyrimidine-2,4-diamine",COc1cc(Nc2nccc(Nc3ccc4c(C)n[nH]c4c3)n2)cc(OC)c1OC,[0 0 0 ... 0 0 0],0.89220095,1
Tyrphostin B48,N#C/C(=C\c1ccc(O)c(O)c1)C(=O)Nc1ccccc1,[0 0 0 ... 0 0 0],0.89217895,1
Malachite Green,CN(C)c1ccc(C(=C2C=CC(=[N+](C)C)C=C2)c2ccccc2)cc1,[0 0 0 ... 0 0 0],0.8918319,1
Topotecan,CC[C@@]1(O)C(=O)OCc2c1cc1n(c2=O)Cc2cc3c(CN(C)C)c(O)ccc3nc2-1,[0 0 0 ... 0 0 0],0.8917102,1
AAG-1,COc1ccc(N(C)c2nc(C)nc3oc(C)cc23)cc1,[0 0 0 ... 0 0 0],0.89137834,1
Sirpiglenastat,CC(=O)N[C@@H](Cc1c[nH]c2ccccc12)C(=O)N[C@@H](CCC(=O)C=[N+]=[N-])C(=O)OC(C)C,[0 1 0 ... 0 0 0],0.89136565,1
SP-420,COCCOCCOc1ccc(C2=N[C@@](C)(C(=O)O)CS2)c(O)c1,[0 0 0 ... 0 0 0],0.891205,1
Paquinimod,CCc1cccc2c1c(O)c(C(=O)N(CC)c1ccccc1)c(=O)n2C,[0 0 0 ... 0 0 0],0.8907171,1
5-[(2-AMINOETHYL)AMINO]-6-FLUORO-3-(1H-PYRROL-2-YL)BENZO[CD]INDOL-2(1H)-ONE,NCCNc1cc(-c2ccc[nH]2)c2c3c(ccc(F)c13)NC2=O,[0 0 0 ... 0 0 0],0.8907152,1
Podophyllin,COc1cc(C2c3cc4c(cc3C(O)C(CO)C2C(=O)O)OCO4)cc(OC)c1OC.COc1cc(C2c3cc4c(cc3C(O)C(CO)C2C(=O)O)OCO4)cc(OC)c1OC.COc1cc(C2c3cc4c(cc3C(O)C3COC(=O)C23)OCO4)cc(OC)c1OC.COc1cc(C2c3cc4c(cc3C(O)C3COC(=O)C23)OCO4)cc(OC)c1OC,[0 0 0 ... 0 0 0],0.8904548,1
Veru-111,COc1cc(C(=O)c2c[nH]c(-c3c[nH]c4ccccc34)n2)cc(OC)c1OC,[0 0 0 ... 0 0 0],0.889929,1
"1-(3-(2,4-DIMETHYLTHIAZOL-5-YL)-4-OXO-2,4-DIHYDROINDENO[1,2-C]PYRAZOL-5-YL)-3-(4-METHYLPIPERAZIN-1-YL)UREA",Cc1nc(C)c(-c2[nH]nc3c2C(=O)c2c(NC(=O)NN4CCN(C)CC4)cccc2-3)s1,[0 0 0 ... 0 0 0],0.8898314,1
Esomeprazole,COc1ccc2[nH]c([S@@](=O)Cc3ncc(C)c(OC)c3C)nc2c1,[0 0 0 ... 0 0 0],0.88951844,1
UDP-alpha-D-glucuronic acid,O=C(O)[C@H]1O[C@H](OP(=O)(O)OP(=O)(O)OC[C@H]2O[C@@H](n3ccc(=O)[nH]c3=O)[C@H](O)[C@@H]2O)[C@H](O)[C@@H](O)[C@@H]1O,[0 0 0 ... 0 0 0],0.8892592,1
Apigenin,O=c1cc(-c2ccc(O)cc2)oc2cc(O)cc(O)c12,[0 0 0 ... 0 0 0],0.88919926,1
Florbetaben F-18,CNc1ccc(/C=C/c2ccc(OCCOCCOCC[18F])cc2)cc1,[0 0 0 ... 0 0 0],0.8891658,1
Indoleacetic acid,O=C(O)Cc1c[nH]c2ccccc12,[0 0 0 ... 0 0 0],0.8890754,1
Cmp-2-Keto-3-Deoxy-Octulosonic Acid,Nc1ccn([C@@H]2O[C@H](COP(=O)(O)O[C@@]3(C(=O)O)C[C@@H](O)[C@@H](O)[C@@H]([C@H](O)CO)O3)[C@@H](O)[C@H]2O)c(=O)n1,[0 1 0 ... 0 0 0],0.8885362,1
SU9516,COc1ccc2c(c1)/C(=C/c1cnc[nH]1)C(=O)N2,[0 0 0 ... 0 0 0],0.88808864,1
AMG-131,O=S(=O)(Nc1cc(Cl)c(Oc2cnc3ccccc3c2)c(Cl)c1)c1ccc(Cl)cc1Cl,[0 0 0 ... 1 0 0],0.8877185,1
Desvancosaminyl vancomycin,CN[C@H](CC(C)C)C(=O)N[C@H]1C(=O)N[C@@H](CC(N)=O)C(=O)N[C@H]2C(=O)N[C@H]3C(=O)N[C@H](C(=O)N[C@H](C(=O)O)c4cc(O)cc(O)c4-c4cc3ccc4O)[C@H](O)c3ccc(c(Cl)c3)Oc3cc2cc(c3O[C@@H]2O[C@H](CO)[C@@H](O)[C@H](O)[C@H]2O)Oc2ccc(cc2Cl)[C@H]1O,[0 1 0 ... 0 0 0],0.88743407,1
"6-AMINO-BENZO[DE]ISOQUINOLINE-1,3-DIONE",Nc1ccc2c3c(cccc13)C(=O)NC2=O,[0 0 0 ... 0 0 0],0.886977,1
4-(Dimethylamino)benzoic acid,CN(C)c1ccc(C(=O)O)cc1,[0 0 0 ... 0 0 0],0.8866547,1
Rivoglitazone,COc1ccc2nc(COc3ccc(CC4SC(=O)NC4=O)cc3)n(C)c2c1,[0 0 0 ... 0 0 0],0.8865674,1
(3E)-3-[(phenylamino)methylidene]dihydrofuran-2(3H)-one,O=C1OCC/C1=C\Nc1ccccc1,[0 0 0 ... 0 0 0],0.8862086,1
Snubh-nm-333 F-18,CNc1ccc(-c2nc3ccc([18F])cc3s2)cc1,[0 0 0 ... 0 0 0],0.885225,1
3-Indolebutyric Acid,O=C(O)CCCc1c[nH]c2ccccc12,[0 0 0 ... 0 0 0],0.88464725,1
Esaxerenone,Cc1c(C(=O)Nc2ccc(S(C)(=O)=O)cc2)cn(CCO)c1-c1ccccc1C(F)(F)F,[0 0 0 ... 0 0 0],0.8830508,1
4-(2-Amino-Ethoxy)-2-[(3-Hydroxy-2-Methyl-5-Phosphonooxymethyl-Pyridin-4-Ylmethyl)-Amino]-but-3-Enoic Acid,Cc1ncc(COP(=O)(O)O)c(C/N=C(\C=C\OCCN)C(=O)O)c1O,[0 0 0 ... 0 0 0],0.88215345,1
MLN3897,CC(C)(O)c1ccc2c(c1)/C(=C/CCN1CC[C@](O)(c3ccc(Cl)cc3)C(C)(C)C1)c1cccnc1CO2,[0 0 0 ... 0 0 0],0.8817223,1
JNJ-38877605,Cn1cc(-c2ccc3nnc(C(F)(F)c4ccc5ncccc5c4)n3n2)cn1,[0 1 0 ... 0 0 0],0.880842,1
CoA-S-trimethylene-acetyl-tryptamine,CC(C)(CO[P@](=O)(O)O[P@](=O)(O)OC[C@H]1O[C@@H](n2cnc3c(N)ncnc32)[C@H](O)[C@@H]1OP(=O)(O)O)[C@@H](O)C(=O)NCCC(=O)NCCSCCCCC(=O)NCCc1c[nH]c2ccccc12,[0 1 0 ... 0 0 0],0.88060933,1
Brecanavir,Cc1nc(COc2ccc(C[C@H](NC(=O)O[C@H]3CO[C@H]4OCC[C@H]43)[C@H](O)CN(CC(C)C)S(=O)(=O)c3ccc4c(c3)OCO4)cc2)cs1,[0 1 0 ... 0 0 1],0.88051,1
Lanreotide,CC(C)C1NC(=O)C(CCCCN)NC(=O)C(Cc2c[nH]c3ccccc23)NC(=O)C(Cc2ccc(O)cc2)NC(=O)C(NC(=O)C(N)Cc2ccc3ccccc3c2)CSSCC(C(=O)NC(C(N)=O)C(C)O)NC1=O,[0 1 0 ... 0 0 0],0.8800591,1
(1S)-2-(1H-INDOL-3-YL)-1-[({5-[(E)-2-PYRIDIN-4-YLVINYL]PYRIDIN-3-YL}OXY)METHYL]ETHYLAMINE,N[C@H](COc1cncc(/C=C/c2ccncc2)c1)Cc1c[nH]c2ccccc12,[0 1 0 ... 0 0 0],0.8797674,1
Zafirlukast,COc1cc(C(=O)NS(=O)(=O)c2ccccc2C)ccc1Cc1cn(C)c2ccc(NC(=O)OC3CCCC3)cc12,[0 0 0 ... 0 0 0],0.8797435,1
2-((9H-PURIN-6-YLTHIO)METHYL)-5-CHLORO-3-(2-METHOXYPHENYL)QUINAZOLIN-4(3H)-ONE,COc1ccccc1-n1c(CSc2ncnc3[nH]cnc23)nc2cccc(Cl)c2c1=O,[0 0 0 ... 0 0 0],0.87973595,1
"(3Z)-N,N-DIMETHYL-2-OXO-3-(4,5,6,7-TETRAHYDRO-1H-INDOL-2-YLMETHYLIDENE)-2,3-DIHYDRO-1H-INDOLE-5-SULFONAMIDE",CN(C)S(=O)(=O)c1ccc2c(c1)/C(=C/c1cc3c([nH]1)CCCC3)C(=O)N2,[0 0 0 ... 0 0 0],0.87957335,1
Minzasolmin,CCCC[C@H](Cc1c[nH]c2ccccc12)NC(=O)c1cnc(N2CCN(C)CC2)s1,[0 1 0 ... 0 0 0],0.8792998,1
Miransertib,Nc1ncccc1-c1nc2ccc(-c3ccccc3)nc2n1-c1ccc(C2(N)CCC2)cc1,[0 1 0 ... 0 0 0],0.8792163,1
Nitrofurantoin,O=C1CN(/N=C/c2ccc([N+](=O)[O-])o2)C(=O)N1,[0 0 0 ... 0 0 0],0.8788324,1
Tryptophanamide,NC(=O)[C@@H](N)Cc1c[nH]c2ccccc12,[0 1 0 ... 0 0 0],0.8788286,1
"(2S,3S)-4-cyclopropyl-3-{(3R,5R)-3-[2-fluoro-4-(methylsulfonyl)phenyl]-1,2,4-oxadiazolidin-5-yl}-1-[(3S)-3-fluoropyrrolidin-1-yl]-1-oxobutan-2-amine",CS(=O)(=O)c1ccc([C@H]2NOC([C@@H](CC3CC3)[C@H](N)C(=O)N3CC[C@H](F)C3)N2)c(F)c1,[0 1 0 ... 0 0 0],0.87825876,1
"3-{[(2,2-dioxido-1,3-dihydro-2-benzothien-5-yl)amino]methylene}-5-(1,3-oxazol-5-yl)-1,3-dihydro-2H-indol-2-one",O=C1Nc2ccc(-c3cnco3)cc2/C1=C/Nc1ccc2c(c1)CS(=O)(=O)C2,[0 0 0 ... 0 0 0],0.87678874,1
"5-Chloro-thiophene-2-carboxylic acid ((3S,4S)-1-{[2-fluoro-4-(2-oxo-2H-pyridin-1-yl)-phenylcarbamoyl]-methyl}-4-hydroxy-pyrrolidin-3-yl)-amide",O=C(CN1C[C@H](NC(=O)c2ccc(Cl)s2)[C@@H](O)C1)Nc1ccc(-n2ccccc2=O)cc1F,[0 0 0 ... 0 0 0],0.8765948,1
Regorafenib,CNC(=O)c1cc(Oc2ccc(NC(=O)Nc3ccc(Cl)c(C(F)(F)F)c3)c(F)c2)ccn1,[0 0 0 ... 0 0 0],0.875932,1
"2-(1H-pyrrol-1-ylcarbonyl)benzene-1,3,5-triol",O=C(c1c(O)cc(O)cc1O)n1cccc1,[0 0 0 ... 0 0 0],0.8758498,1
"N-[3-(Dimethylamino)Propyl]-2-({[4-({[4-(Formylamino)-1-Methyl-1h-Pyrrol-2-Yl]Carbonyl}Amino)-1-Methyl-1h-Pyrrol-2-Yl]Carbonyl}Amino)-5-Isopropyl-1,3-Thiazole-4-Carboxamide",CC(C)c1sc(NC(=O)c2cc(NC(=O)c3cc(NC=O)cn3C)cn2C)nc1C(=O)NCCCN(C)C,[0 1 0 ... 0 0 0],0.87536234,1
Sulfobromophthalein,O=C1OC(c2ccc(O)c(S(=O)(=O)O)c2)(c2ccc(O)c(S(=O)(=O)O)c2)c2c(Br)c(Br)c(Br)c(Br)c21,[0 0 0 ... 0 0 0],0.8747955,1
CRA_9785,NC(=[NH2+])c1ccc2[nH]c(-c3cc(OC(F)(F)F)ccc3[O-])nc2c1,[0 0 0 ... 0 0 0],0.8747322,1
Delanzomib,CC(C)C[C@H](NC(=O)[C@@H](NC(=O)c1cccc(-c2ccccc2)n1)[C@@H](C)O)B(O)O,[0 1 0 ... 0 0 0],0.87461126,1
Brostallicin,C=C(Br)C(=O)Nc1cc(C(=O)Nc2cc(C(=O)Nc3cc(C(=O)Nc4cc(C(=O)NCCN=C(N)N)n(C)c4)n(C)c3)n(C)c2)n(C)c1,[0 0 0 ... 0 1 0],0.8738121,1
Cefilavancin,CN[C@H](CC(C)C)C(=O)N[C@H]1C(=O)N[C@@H](CC(N)=O)C(=O)N[C@H]2C(=O)N[C@H]3C(=O)N[C@H](C(=O)N[C@H](C(=O)NCCCO/N=C(\C(=O)N[C@@H]4C(=O)N5C(C(=O)[O-])=C(C[n+]6ccccc6)CS[C@H]45)c4nc(N)sc4Cl)c4cc(O)cc(O)c4-c4cc3ccc4O)[C@H](O)c3ccc(c(Cl)c3)Oc3cc2cc(c3O[C@@H]2O[C@H](CO)[C@@H](O)[C@H](O)[C@H]2O[C@H]2C[C@](C)(N)[C@H](O)[C@H](C)O2)Oc2ccc(cc2Cl)[C@H]1O,[0 1 0 ... 0 0 0],0.8731479,1
"5-methyl-6-phenylquinazoline-2,4-diamine",Cc1c(-c2ccccc2)ccc2nc(N)nc(N)c12,[0 0 0 ... 0 0 0],0.8730582,1
Phytochlorin,C=Cc1c(C)c2cc3nc(c(CC(=O)O)c4[nH]c(cc5nc(cc1[nH]2)C(C)=C5CC)c(C)c4C(=O)O)[C@@H](CCC(=O)O)[C@@H]3C,[0 0 0 ... 0 0 0],0.8729217,1
Variolin B,Nc1nccc(-c2c3c(O)ccnc3n3c(N)nccc23)n1,[0 0 0 ... 0 0 0],0.87276167,1
Eltrombopag,CC1=NN(c2ccc(C)c(C)c2)C(=O)/C1=N\Nc1cccc(-c2cccc(C(=O)O)c2)c1O,[0 0 0 ... 0 0 0],0.87267303,1
"5-[(5-fluoro-3-methyl-1H-indazol-4-yl)oxy]benzene-1,3-dicarbonitrile",Cc1n[nH]c2ccc(F)c(Oc3cc(C#N)cc(C#N)c3)c12,[0 0 0 ... 0 0 0],0.8719336,1
Cobamamide,CC1=C2[N]3[C@@H]4[C@H](CC(N)=O)[C@@]2(C)CCC(=O)NC[C@@H](C)OP(=O)([O-])O[C@H]2[C@@H](O)[C@H](O[C@@H]2CO)n2c[n+](c5cc(C)c(C)cc52)[Co-3]325([CH2][C@H]3O[C@@H](n6cnc7c(N)ncnc76)[C@H](O)[C@@H]3O)[N+]3=C1[C@@H](CCC(N)=O)C(C)(C)C3=CC1=[N+]2C(=C(C)C2=[N+]5[C@]4(C)[C@@](C)(CC(N)=O)[C@@H]2CCC(N)=O)[C@@](C)(CC(N)=O)[C@@H]1CCC(N)=O,[0 0 0 ... 0 0 0],0.8715957,1
Zibotentan,COc1nc(C)cnc1NS(=O)(=O)c1cccnc1-c1ccc(-c2nnco2)cc1,[0 0 0 ... 0 0 0],0.8715357,1
"(3Z)-1-[(6-fluoro-4H-1,3-benzodioxin-8-yl)methyl]-4-[(E)-2-phenylethenyl]-1H-indole-2,3-dione 3-oxime",O=C1/C(=N\O)c2c(/C=C/c3ccccc3)cccc2N1Cc1cc(F)cc2c1OCOC2,[0 0 0 ... 0 0 0],0.87150556,1
BF-844,CC(C)(O)Cn1nc(-c2ccccc2)c2c(Cl)c(-c3ccccc3)nnc21,[0 0 0 ... 0 0 0],0.8711557,1
"5-{3-[3-(2,4-DICHLORO-BENZOYL)-UREIDO]-2-METHYL-PHENOXY}-PENTANOIC ACID",Cc1c(NC(=O)NC(=O)c2ccc(Cl)cc2Cl)cccc1OCCCCC(=O)O,[0 0 0 ... 0 0 0],0.8710691,1
N-[2-(1-maleimidyl)ethyl]-7-diethylaminocoumarin-3-carboxamide,CCN(CC)c1ccc2cc(C(=O)N/C=C\N3C(=O)CCC3=O)c(=O)oc2c1,[0 0 0 ... 0 0 1],0.87101156,1
Vancomycin,CN[C@H](CC(C)C)C(=O)N[C@H]1C(=O)N[C@@H](CC(N)=O)C(=O)N[C@H]2C(=O)N[C@H]3C(=O)N[C@H](C(=O)N[C@H](C(=O)O)c4cc(O)cc(O)c4-c4cc3ccc4O)[C@H](O)c3ccc(c(Cl)c3)Oc3cc2cc(c3O[C@@H]2O[C@H](CO)[C@@H](O)[C@H](O)[C@H]2O[C@H]2C[C@](C)(N)[C@H](O)[C@H](C)O2)Oc2ccc(cc2Cl)[C@H]1O,[0 1 0 ... 0 0 0],0.87062305,1
Eribaxaban,CO[C@@H]1C[C@H](C(=O)Nc2ccc(-n3ccccc3=O)cc2F)N(C(=O)Nc2ccc(Cl)cc2)C1,[0 0 0 ... 0 0 0],0.87020236,1
"3',5'-DIBROMO-2',4,4',6'-TETRAHYDROXY AURONE",O=C1/C(=C/c2cc(Br)c(O)c(Br)c2O)Oc2cc(O)cc(O)c21,[0 0 0 ... 0 0 0],0.8700196,1
LY231514 tetra glu,Nc1nc(=O)c2c(CCc3ccc(C(=O)N[C@@H](CCC(=O)N[C@@H](CCC(=O)N[C@@H](CCC(=O)NC(CCC(=O)O)C(=O)O)C(=O)O)C(=O)O)C(=O)O)cc3)c[nH]c2[nH]1,[0 1 0 ... 0 0 0],0.8699949,1
PASBN,O=Cc1ccccc1O[P@@](=O)(O)OCc1ccccc1,[0 0 0 ... 0 0 0],0.8699283,1
Crenolanib,CC1(COc2ccc3c(c2)ncn3-c2ccc3cccc(N4CCC(N)CC4)c3n2)COC1,[0 0 0 ... 0 0 0],0.86976033,1
S-55746,O=C(c1cc(-c2cc3c(cc2C(=O)N2Cc4ccccc4C[C@H]2CN2CCOCC2)OCO3)n2c1CCCC2)N(c1ccccc1)c1ccc(O)cc1,[0 0 0 ... 0 0 0],0.86967224,1
Mycophenolic acid,COc1c(C)c2c(c(O)c1C/C=C(\C)CCC(=O)O)C(=O)OC2,[0 0 0 ... 0 0 0],0.8694515,1
Balsalazide,O=C(O)CCNC(=O)c1ccc(/N=N/c2ccc(O)c(C(=O)O)c2)cc1,[0 0 0 ... 0 0 0],0.86940145,1
"3-(5-amino-7-hydroxy-[1,2,3]triazolo[4,5-d]pyrimidin-2-yl)-N-(3,5-dichlorobenzyl)-benzamide",Nc1nc(O)c2nn(-c3cccc(C(=O)NCc4cc(Cl)cc(Cl)c4)c3)nc2n1,[0 0 0 ... 0 0 0],0.8690241,1
N-(TRANS-4'-NITRO-4-STILBENYL)-N-METHYL-5-AMINO-PENTANOIC ACID,CN(CCCCC(=O)O)c1ccc(/C=C/c2ccc([N+](=O)[O-])cc2)cc1,[0 0 0 ... 0 0 0],0.86865157,1
Fosmanogepix,Nc1c(-c2cc(Cc3ccc(COc4ccccn4)cc3)no2)ccc[n+]1COP(=O)([O-])O,[0 0 0 ... 0 0 0],0.8686126,1
TNP-2092,CO[C@H]1/C=C\O[C@@]2(C)Oc3c(C)c(O)c4c(O)c(c(/C=N/N5CCC(N(C)C6([C@@H]7CCN(c8c(F)cn9c(=O)c(C(=O)O)cc(C%10CC%10)c9c8C)C7)CC6)CC5)c(O)c4c3C2=O)NC(=O)C(C)=CC=C[C@H](C)[C@H](O)[C@@H](C)[C@@H](O)[C@H](C)[C@H](OC(C)=O)[C@H]1C,[0 0 0 ... 1 0 0],0.8676878,1
Ningetinib,Cc1c(C(=O)Nc2ccc(Oc3ccnc4cc(OCC(C)(C)O)ccc34)c(F)c2)c(=O)n(-c2ccccc2)n1C,[0 0 0 ... 0 0 0],0.86763424,1
Mdl-29951,O=C(O)CCc1c(C(=O)O)[nH]c2cc(Cl)cc(Cl)c12,[0 0 0 ... 0 0 0],0.8674486,1
"N'-[(1E)-(3,5-dibromo-2,4-dihydroxyphenyl)methylidene]naphthalene-2-carbohydrazide",O=C(N/N=C/c1cc(Br)c(O)c(Br)c1O)c1ccc2ccccc2c1,[0 0 0 ... 0 0 0],0.8674373,1
Novobiocin,CO[C@@H]1[C@@H](OC(N)=O)[C@@H](O)[C@H](Oc2ccc3c(O)c(NC(=O)c4ccc(O)c(CC=C(C)C)c4)c(=O)oc3c2C)OC1(C)C,[0 0 0 ... 0 0 0],0.8668491,1
11-Deoxy-Beta-Rhodomycin,CC[C@@]1(O)C[C@H](O[C@H]2C[C@H](N(C)C)[C@H](O[C@H]3C[C@H](O)[C@@H](O[C@H]4CCC(=O)[C@@H](C)O4)[C@H](C)O3)[C@H](C)O2)c2c(cc3c(c2O)C(=O)c2c(O)cccc2C3=O)[C@H]1O,[0 0 0 ... 0 0 0],0.8663868,1
"N-[4-([(2-Amino-4-oxo-1,4-dihydropyrido[3,2-d]pyrimidin-6-yl)methyl]{(2E)-3-[4-carbamoyl-1-(5-O-phosphono-beta-D-ribofuranosyl)-1H-imidazol-5-yl]-2-propenoyl}amino)benzoyl]-L-glutamic acid",NC(=O)c1ncn([C@@H]2O[C@H](COP(=O)(O)O)[C@@H](O)[C@H]2O)c1/C=C/C(=O)N(Cc1ccc2[nH]c(N)nc(=O)c2n1)c1ccc(C(=O)N[C@@H](CCC(=O)O)C(=O)O)cc1,[0 1 0 ... 0 0 0],0.866377,1
Bizelesin,Cc1c[nH]c2c(O)cc3c(c12)[C@H](CCl)CN3C(=O)c1cc2cc(NC(=O)Nc3ccc4[nH]c(C(=O)N5C[C@@H](CCl)c6c5cc(O)c5[nH]cc(C)c65)cc4c3)ccc2[nH]1,[0 0 0 ... 0 0 0],0.86627907,1
"5-{4-[(3,5-DIFLUOROBENZYL)AMINO]PHENYL}-6-ETHYLPYRIMIDINE-2,4-DIAMINE",CCc1nc(N)nc(N)c1-c1ccc(NCc2cc(F)cc(F)c2)cc1,[0 0 0 ... 0 0 0],0.8653054,1
Duvelisib,C[C@H](Nc1ncnc2[nH]cnc12)c1cc2cccc(Cl)c2c(=O)n1-c1ccccc1,[0 1 0 ... 0 0 0],0.86520654,1
ABT-751,COc1ccc(S(=O)(=O)Nc2cccnc2Nc2ccc(O)cc2)cc1,[0 0 0 ... 0 0 0],0.864971,1
Omilancor,O=C(c1cccc(-c2nc3ccccc3[nH]2)n1)N1CCN(C(=O)c2cccc(-c3nc4ccccc4[nH]3)n2)CC1,[0 0 0 ... 0 0 0],0.8649622,1
3-(INDOL-3-YL) LACTATE,O=C(O)[C@@H](O)Cc1c[nH]c2ccccc12,[0 1 0 ... 0 0 0],0.8648383,1
Didesmethylrocaglamide,COc1ccc([C@@]23Oc4cc(OC)cc(OC)c4[C@]2(O)[C@H](O)[C@H](C(N)=O)[C@H]3c2ccccc2)cc1,[0 0 0 ... 0 0 0],0.86420125,1
IM-156 free base,N=C(NC(=N)N1CCCC1)Nc1ccc(OC(F)(F)F)cc1,[0 0 0 ... 0 0 0],0.8638252,1
"3-({4-[(5-chloro-1,3-benzodioxol-4-yl)amino]pyrimidin-2-yl}amino)benzenesulfonamide",NS(=O)(=O)c1cccc(Nc2nccc(Nc3c(Cl)ccc4c3OCO4)n2)c1,[0 0 0 ... 0 0 0],0.86364573,1
"1-((2-HYDROXYETHOXY)METHYL)-5-(3-(BENZYLOXY)BENZYL)-6-HYDROXYPYRIMIDINE-2,4(1H,3H)-DIONE",O=c1[nH]c(=O)n(COCCO)c(O)c1Cc1cccc(OCc2ccccc2)c1,[0 0 0 ... 0 0 0],0.86353314,1
"2,4-Diamino-5-Methyl-6-[(3,4,5-Trimethoxy-N-Methylanilino)Methyl]Pyrido[2,3-D]Pyrimidine",COc1cc(N(C)Cc2cnc3nc(N)nc(N)c3c2C)cc(OC)c1OC,[0 0 0 ... 0 0 0],0.8631561,1
2-Formyl-Protoporphryn Ix,C=C[C@@H]1C(C)=C2/C=c3\[n-]c(c(C)\c3=C\O)/C=c3\[n-]/c(c(CCC(=O)O)c3C)=C\c3[n-]c(c(C)c3CCC(=O)O)/C=C/1[N-]2.[Fe+4],[0 0 0 ... 0 0 0],0.8628878,1
"N'-(5-CHLORO-1,3-BENZODIOXOL-4-YL)-N-(3,4,5- TRIMETHOXYPHENYL)PYRIMIDINE-2,4-DIAMINE",COc1cc(Nc2nccc(Nc3c(Cl)ccc4c3OCO4)n2)cc(OC)c1OC,[0 0 0 ... 0 0 0],0.86281,1
Firsocostat,COc1ccccc1[C@H](Cn1c(=O)n(C(C)(C)C(=O)O)c(=O)c2c(C)c(-c3ncco3)sc21)OC1CCOCC1,[0 1 0 ... 0 0 0],0.8622038,1
Pemetrexed,Nc1nc(=O)c2c(CCc3ccc(C(=O)N[C@@H](CCC(=O)O)C(=O)O)cc3)c[nH]c2[nH]1,[0 1 0 ... 0 0 0],0.86072505,1
"(E)-3,4-DIHYDROXY-N'-[(2-METHOXYNAPHTHALEN-1-YL)METHYLENE]BENZOHYDRAZIDE",COc1ccc2ccccc2c1/C=N/NC(=O)c1ccc(O)c(O)c1,[0 0 0 ... 0 0 0],0.86011094,1
Lumicitabine,CC(C)C(=O)OC[C@@]1(CCl)O[C@@H](n2ccc(N)nc2=O)[C@H](F)[C@@H]1OC(=O)C(C)C,[0 1 0 ... 0 0 0],0.8595124,1
"4-(1,3-Benzodioxol-5-Yl)-5-(5-Ethyl-2,4-Dihydroxyphenyl)-2h-Pyrazole-3-Carboxylic Acid",CCc1cc(-c2n[nH]c(C(=O)O)c2-c2ccc3c(c2)OCO3)c(O)cc1O,[0 0 0 ... 0 0 0],0.85891414,1
Barusiban,CC[C@@H](C)[C@@H]1NC(=O)[C@H]([C@@H](C)CC)NC(=O)[C@@H](Cc2c[nH]c3ccccc23)NC(=O)CCSCC[C@@H](C(=O)N(C)[C@H](CO)CCCN)NC(=O)[C@H](CC(N)=O)NC1=O,[0 1 0 ... 0 0 0],0.8587769,1
Naphthalene Trisulfonate,O=S(=O)([O-])c1ccc2c(S(=O)(=O)[O-])cc(S(=O)(=O)[O-])cc2c1,[0 0 0 ... 0 0 0],0.8587317,1
BLZ-945,CNC(=O)c1cc(Oc2ccc3nc(N[C@@H]4CCCC[C@H]4O)sc3c2)ccn1,[0 0 0 ... 0 0 0],0.8582568,1
"tert-butyl [(2-amino-4-oxo-4,7-dihydro-3H-pyrrolo[2,3-d]pyrimidin-5-yl)methyl]carbamate",CC(C)(C)OC(=O)NCc1c[nH]c2nc(N)[nH]c(=O)c12,[0 0 0 ... 0 0 0],0.85792017,1
Carba-nicotinamide-adenine-dinucleotide,NC(=O)c1ccc[n+]([C@@H]2C[C@H](COP(=O)(O)OP(=O)(O)OC[C@H]3O[C@@H](n4cnc5c(N)ncnc54)[C@H](O)[C@@H]3O)[C@@H](O)[C@H]2O)c1,[0 0 0 ... 0 0 0],0.85749465,1
4-amino-N-[4-(benzyloxy)phenyl]butanamide,NCCCC(=O)Nc1ccc(OCc2ccccc2)cc1,[0 0 0 ... 0 0 0],0.8573096,1
Risdiplam,Cc1cn2nc(-c3cc(=O)n4cc(N5CCNC6(CC6)C5)ccc4n3)cc(C)c2n1,[0 0 0 ... 0 0 0],0.8570941,1
"3-({4-[(5-CHLORO-1,3-BENZODIOXOL-4-YL)AMINO]PYRIMIDIN-2-YL}AMINO)BENZAMIDE",NC(=O)c1cccc(Nc2nccc(Nc3c(Cl)ccc4c3OCO4)n2)c1,[0 0 0 ... 0 0 0],0.8570228,1
Ro 12-7310,CC(/C=C/c1c(C)cc(O)c(C)c1C)=C\C=C\C(C)=C\C(=O)O,[0 0 0 ... 0 0 0],0.8566526,1
Scarlet red,Cc1ccccc1/N=N/c1ccc(/N=N/c2c(O)ccc3ccccc23)c(C)c1,[0 0 0 ... 0 0 0],0.8562675,1
Dapaconazole,FC(F)(F)c1ccc(COC(Cn2ccnc2)c2ccc(Cl)cc2Cl)cc1,[0 1 0 ... 0 0 0],0.8562011,1
Omeprazole,COc1ccc2nc(S(=O)Cc3ncc(C)c(OC)c3C)[nH]c2c1,[0 0 0 ... 0 0 0],0.8558646,1
Clorobiocin,CO[C@@H]1[C@@H](OC(=O)c2ccc(C)[nH]2)[C@@H](O)[C@H](Oc2ccc3c(O)c(NC(=O)c4ccc(O)c(CC=C(C)C)c4)c(=O)oc3c2Cl)OC1(C)C,[0 0 0 ... 0 0 0],0.8558509,1
Linifanib,Cc1ccc(F)c(NC(=O)Nc2ccc(-c3cccc4[nH]nc(N)c34)cc2)c1,[0 0 0 ... 0 0 0],0.85552037,1
Ouabain,C[C@@H]1O[C@@H](O[C@H]2C[C@@H](O)[C@]3(CO)[C@H]4[C@H](O)C[C@]5(C)[C@@H](C6=CC(=O)OC6)CC[C@]5(O)[C@@H]4CC[C@]3(O)C2)[C@H](O)[C@H](O)[C@H]1O,[0 0 0 ... 0 0 0],0.8554976,1
Diloxanide,CN(C(=O)C(Cl)Cl)c1ccc(O)cc1,[0 1 0 ... 0 0 0],0.8548481,1
BMS-908662,COC(=O)Nc1nc2cc(C3(O)c4ccccc4C(=O)N3c3cc(Cl)ccc3C)ccc2[nH]1,[0 0 0 ... 0 0 0],0.8539216,1
Tafenoquine,COc1cc(C)c2c(Oc3cccc(C(F)(F)F)c3)c(OC)cc(NC(C)CCCN)c2n1,[0 1 0 ... 0 0 0],0.8538824,1
Tenofovir amibufenamide,CC(C)OC(=O)C(C)(C)N[P@@](=O)(CO[C@H](C)Cn1cnc2c(N)ncnc21)Oc1ccccc1,[0 1 0 ... 0 0 0],0.853491,1
Coenzyme F420,C[C@H](OP(=O)(O)OC[C@@H](O)[C@@H](O)[C@@H](O)Cn1c2nc(=O)[nH]c(=O)c-2cc2ccc(O)cc21)C(=O)N[C@@H](CCC(=O)N[C@@H](CCC(=O)O)C(=O)O)C(=O)O,[0 1 0 ... 0 0 0],0.85299754,1
Bendamustine,Cn1c(CCCC(=O)O)nc2cc(N(CCCl)CCCl)ccc21,[1 0 0 ... 0 0 0],0.852976,1
Ilorasertib,Nc1ncc(-c2cnn(CCO)c2)c2scc(-c3ccc(NC(=O)Nc4cccc(F)c4)cc3)c12,[0 0 0 ... 0 0 0],0.8526924,1
"1-(4-Cyano-phenyl)-3-[2-(2,6-dichloro-phenyl)-1-imino-ethyl]-thiourea",N#Cc1ccc(NC(=S)/N=C(\N)Cc2c(Cl)cccc2Cl)cc1,[0 0 0 ... 0 0 0],0.8525623,1
"N-[3-[[4-[(5-CHLORO-1,3-BENZODIOXOL-4-YL)AMINO]PYRIMIDIN-2-YL]AMINO]PHENYL]METHANESULFONAMIDE",CS(=O)(=O)Nc1cccc(Nc2nccc(Nc3c(Cl)ccc4c3OCO4)n2)c1,[0 0 0 ... 0 0 0],0.8520974,1
AFN-1252,Cc1c(CN(C)C(=O)/C=C/c2cnc3c(c2)CCC(=O)N3)oc2ccccc12,[0 0 0 ... 0 0 0],0.85192245,1
"2-(1,3-benzodioxol-5-yl)-5-[(3-fluoro-4-methoxybenzyl)sulfanyl]-1,3,4-oxadiazole",COc1ccc(CSc2nnc(-c3ccc4c(c3)OCO4)o2)cc1F,[0 0 0 ... 0 0 0],0.851821,1
"3,3'-diindolylmethane",c1ccc2c(Cc3c[nH]c4ccccc34)c[nH]c2c1,[0 0 0 ... 0 0 0],0.85121834,1
Fisetin,O=c1c(O)c(-c2ccc(O)c(O)c2)oc2cc(O)ccc12,[0 0 0 ... 0 0 0],0.8512162,1
"1-{3-[(4-pyridin-2-ylpiperazin-1-yl)sulfonyl]phenyl}-3-(1,3-thiazol-2-yl)urea",O=C(Nc1cccc(S(=O)(=O)N2CCN(c3ccccn3)CC2)c1)Nc1nccs1,[0 0 0 ... 0 0 0],0.85099137,1
Tmr,CN(C)C1=CCC2=C(c3ccc(N4C(=O)C=CC4=O)cc3C(=O)O)c3ccc(N(C)C)cc3OC2=C1,[0 0 0 ... 0 0 0],0.8504757,1
Supinoxin,COc1cc(OC)cc(N2CCN(C(=O)Nc3nc4cc(F)ccc4nc3OC)CC2)c1,[0 0 0 ... 0 0 0],0.8501712,1
Genistein,O=c1c(-c2ccc(O)cc2)coc2cc(O)cc(O)c12,[0 0 0 ... 0 0 0],0.8497631,1
Cangrelor,CSCCNc1nc(SCCC(F)(F)F)nc2c1ncn2[C@@H]1O[C@H](COP(=O)(O)OP(=O)(O)C(Cl)(Cl)P(=O)(O)O)[C@@H](O)[C@H]1O,[0 0 0 ... 0 0 0],0.8493895,1
Ivarmacitinib,COc1nsc(NC(=O)N2C[C@H]3C[C@H](N(C)c4ncnc5[nH]ccc45)C[C@H]3C2)n1,[0 0 1 ... 0 0 0],0.8493489,1
Tucaresol,O=Cc1c(O)cccc1OCc1ccc(C(=O)O)cc1,[0 0 0 ... 0 0 0],0.84920746,1
LY374571,Nc1nc(=O)c(N)c(NC(=O)Nc2ccc(C(=O)N[C@@H](CCC(=O)O)C(=O)O)cc2)[nH]1,[0 1 0 ... 0 0 0],0.84901065,1
"6-CHLORO-9-HYDROXY-1,3-DIMETHYL-1,9-DIHYDRO-4H-PYRAZOLO[3,4-B]QUINOLIN-4-ONE",Cc1nn(C)c2c1c(=O)c1cc(Cl)ccc1n2O,[1 0 0 ... 0 0 0],0.84876657,1
Sotorasib,C=CC(=O)N1CCN(c2nc(=O)n(-c3c(C)ccnc3C(C)C)c3nc(-c4c(O)cccc4F)c(F)cc23)[C@@H](C)C1,[0 1 0 ... 0 0 0],0.8484575,1
PD-173952,Cn1c(=O)c(-c2c(Cl)cccc2Cl)cc2c[nH]c(=Nc3ccc(N4CCOCC4)cc3)nc21,[0 0 0 ... 0 0 0],0.8482263,1
Nifuratel,CSCC1CN(/N=C/c2ccc([N+](=O)[O-])o2)C(=O)O1,[0 0 0 ... 0 0 0],0.84816056,1
BIA,O=C(CCN1CCN(c2cccc(C(F)(F)F)c2)CC1)c1cc(O)c(O)c([N+](=O)[O-])c1,[0 0 0 ... 0 0 0],0.8477054,1
2-(2-Hydroxy-Phenyl)-1h-Indole-5-Carboxamidine,NC(=[NH2+])c1ccc2[nH]c(-c3ccccc3O)cc2c1,[0 0 0 ... 0 0 0],0.847579,1
2-amino-3-(4-amino-1H-indol-3-yl)propanoic acid,Nc1cccc2[nH]cc(C[C@H](N)C(=O)O)c12,[0 1 0 ... 0 0 0],0.8473565,1
Capmatinib,CNC(=O)c1ccc(-c2cnc3ncc(Cc4ccc5ncccc5c4)n3n2)cc1F,[0 0 0 ... 0 0 0],0.8472526,1
Tezacaftor,CC(C)(CO)c1cc2cc(NC(=O)C3(c4ccc5c(c4)OC(F)(F)O5)CC3)c(F)cc2n1C[C@@H](O)CO,[0 1 0 ... 0 0 0],0.8467238,1
Morphine glucuronide,CN1CC[C@]23c4c5ccc(O)c4O[C@H]2[C@@H](O[C@@H]2O[C@H](C(=O)O)[C@@H](O)[C@H](O)[C@H]2O)C=C[C@H]3[C@H]1C5,[0 0 0 ... 0 0 0],0.8465143,1
AZD-7295,CCCS(=O)(=O)N1CCN(Cc2ccc(NC(=O)c3ccc(-c4cc(NC(=O)C5CC5)ccc4OC(F)(F)F)cc3)cc2)CC1,[0 0 0 ... 0 0 0],0.8458859,1
Dynasore,O=C(N/N=C/c1ccc(O)c(O)c1)c1cc2ccccc2cc1O,[0 0 0 ... 0 0 0],0.84562767,1
TAK-243,NS(=O)(=O)OC[C@H]1C[C@@H](Nc2ccnc3cc(-c4cccc(SC(F)(F)F)c4)nn23)[C@H](O)[C@@H]1O,[0 0 1 ... 0 0 0],0.84547615,1
2-({4-[4-(pyridin-4-ylmethyl)-1H-pyrazol-3-yl]phenoxy}methyl)quinoline,c1ccc2nc(COc3ccc(-c4n[nH]cc4Cc4ccncc4)cc3)ccc2c1,[0 0 0 ... 0 0 0],0.84507227,1
"5-(4-Methoxyphenoxy)-2,4-Quinazolinediamine",COc1ccc(Oc2cccc3nc(N)nc(N)c23)cc1,[0 0 0 ... 0 0 0],0.8449377,1
Pexmetinib,Cc1ccc(-n2nc(C(C)(C)C)cc2NC(=O)NCc2cc(F)ccc2Oc2ccc3c(cnn3CCO)c2)cc1,[0 0 0 ... 0 0 0],0.84471023,1
Elismetrep,O=C(O)c1ccc(S(=O)(=O)N(Cc2ccc(OC(F)(F)F)cc2)c2ncc3ccccc3c2C2CC2)cc1,[0 0 0 ... 0 0 0],0.8446197,1
"Hydroxy(oxo)(2-{(1S)-2,2,2-trifluoro-1-[2-(trimethylarsonio)ethoxy]ethyl}phenyl)ammonium",C[As+](C)(C)CCO[C@@H](c1ccccc1[N+](=O)O)C(F)(F)F,[0 1 0 ... 0 0 0],0.84439343,1
"4-(4-propoxy-1H-pyrrolo[2,3-b]pyridin-3-yl)pyrimidin-2-amine",CCCOc1ccnc2[nH]cc(-c3ccnc(N)n3)c12,[0 0 0 ... 0 0 0],0.8443306,1
3-(4-Phenylamino-Phenylamino)-2-(1h-Tetrazol-5-Yl)-Acrylonitrile,N#C/C(=C/Nc1ccc(Nc2ccccc2)cc1)c1nn[nH]n1,[0 0 0 ... 0 0 0],0.8438233,1
Nifurpirinol,O=[N+]([O-])c1ccc(/C=C/c2cccc(CO)n2)o1,[0 0 0 ... 0 0 0],0.8435523,1
Diosmetin,COc1ccc(-c2cc(=O)c3c(O)cc(O)cc3o2)cc1O,[0 0 0 ... 0 0 0],0.8432842,1
Bucetin,CCOc1ccc(NC(=O)CC(C)O)cc1,[0 1 0 ... 0 0 0],0.8426331,1
Lomibuvir,CC(C)(C)C#Cc1cc(N(C(=O)[C@H]2CC[C@H](C)CC2)[C@H]2CC[C@H](O)CC2)c(C(=O)O)s1,[0 0 0 ... 0 0 0],0.8425488,1
"[4-(4-ACETYLAMINO-PHENYL)-3,5-DIOXO-4-AZA-TRICYCLO[5.2.2.0 2,6]UNDEC-1-YLCARBAMOYLOXY]-ACETIC ACID",CC(=O)Nc1ccc(N2C(=O)[C@@H]3[C@H]4CC[C@](NC(=O)OCC(=O)O)(CC4)[C@@H]3C2=O)cc1,[0 0 0 ... 0 0 0],0.84235084,1
Edivoxetine,COc1ccc(F)cc1C[C@@](O)(C1CCOCC1)[C@@H]1CNCCO1,[0 0 0 ... 0 0 0],0.8417837,1
"3-(9-HYDROXY-1,3-DIOXO-4-PHENYL-2,3-DIHYDROPYRROLO[3,4-C]CARBAZOL-6(1H)-YL)PROPANOIC ACID",O=C(O)CCn1c2ccc(O)cc2c2c3c(c(-c4ccccc4)cc21)C(=O)NC3=O,[0 0 0 ... 0 0 0],0.8415821,1
N-(4-sulfamoylphenyl)-1H-indazole-3-carboxamide,NS(=O)(=O)c1ccc(NC(=O)c2n[nH]c3ccccc23)cc1,[0 0 0 ... 0 0 0],0.84124756,1
Rabeximod,Cc1cc2nc3c4cc(Cl)ccc4n(CC(=O)NCCN(C)C)c3nc2cc1C,[0 0 0 ... 0 0 0],0.8411502,1
GW810781,O=C(/C=C(\O)c1nc[nH]n1)c1ccc(Cc2ccc(F)cc2)o1,[0 0 0 ... 0 0 0],0.84090304,1
KB-141,CC(C)c1cc(Oc2c(Cl)cc(CC(=O)O)cc2Cl)ccc1O,[0 1 0 ... 1 0 0],0.8404959,1
Tuspetinib,Cc1ccc2c(-c3nc(Nc4cc(CN5C[C@@H](C)N[C@@H](C)C5)cc(C5CC5)c4)ncc3Cl)c[nH]c2c1,[0 0 0 ... 0 0 0],0.84043896,1
Aclarubicin,CC[C@@]1(O)C[C@H](O[C@H]2C[C@H](N(C)C)[C@H](O[C@H]3C[C@H](O)[C@H](O[C@H]4CCC(=O)[C@H](C)O4)[C@H](C)O3)[C@H](C)O2)c2c(cc3c(c2O)C(=O)c2c(O)cccc2C3=O)[C@H]1C(=O)OC,[0 0 0 ... 0 0 0],0.8403975,1
CM-4307,[2H]C([2H])([2H])NC(=O)c1cc(Oc2ccc(NC(=O)Nc3ccc(Cl)c(C(F)(F)F)c3)cc2)ccn1,[0 0 0 ... 0 0 0],0.84037876,1
VK-0214,Cc1cc(OCP(=O)(O)O)cc(C)c1Cc1ccc(O)c(Cc2ccccc2)c1,[0 0 0 ... 0 0 0],0.84020185,1
N-[4-(benzyloxy)phenyl]glycinamide,NCC(=O)Nc1ccc(OCc2ccccc2)cc1,[0 0 0 ... 0 0 0],0.8400263,1
SPG302,OCCOCCOCCOCCOc1ccc(-c2nc3ccccc3s2)cc1,[0 0 0 ... 0 0 0],0.8397903,1
"4-[(7-OXO-7H-THIAZOLO[5,4-E]INDOL-8-YLMETHYL)-AMINO]-N-PYRIDIN-2-YL-BENZENESULFONAMIDE",O=C1N=c2ccc3ncsc3c2=C1CNc1ccc(S(=O)(=O)Nc2ccccn2)cc1,[0 0 0 ... 0 0 0],0.83951354,1
"10-(4-Dimethylamino-5-Hydroxy-6-Methyl-Tetrahydro-Pyran-2-Yloxy)-8-Ethyl-1,8,11-Trihydroxy-7,8,9,10-Tetrahydro-Naphthacene-5,12-Dione",CC[C@]1(O)Cc2cc3c(c(O)c2[C@@H](O[C@H]2C[C@H](N(C)C)[C@H](O)[C@H](C)O2)C1)C(=O)c1c(O)cccc1C3=O,[0 0 0 ... 0 0 0],0.8394473,1
5-chloro-N-[(3R)-1-(2-{[2-fluoro-4-(2-oxopyridin-1(2H)-yl)phenyl]amino}-2-oxoethyl)pyrrolidin-3-yl]thiophene-2-carboxamide,O=C(CN1CC[C@@H](NC(=O)c2ccc(Cl)s2)C1)Nc1ccc(-n2ccccc2=O)cc1F,[0 0 0 ... 0 0 0],0.83940196,1
Cyprenorphine,CO[C@]12C=C[C@@]3(C[C@@H]1C(C)(C)O)[C@H]1Cc4ccc(O)c5c4[C@@]3(CCN1CC1CC1)[C@H]2O5,[0 0 0 ... 1 0 0],0.8390759,1
"3-[(2,4-Dichlorobenzoyl)(Isopropyl)Amino]-5-Phenylthiophene-2-Carboxylic Acid",CC(C)N(C(=O)c1ccc(Cl)cc1Cl)c1cc(-c2ccccc2)sc1C(=O)O,[0 1 0 ... 0 0 0],0.8390067,1
N-(P-CYANOPHENYL)-N'-DIPHENYLMETHYL-GUANIDINE-ACETIC ACID,N#Cc1ccc(N/C(=N\CC(=O)O)NC(c2ccccc2)c2ccccc2)cc1,[0 1 0 ... 1 0 0],0.83882457,1
VLX-1005,COc1cccc(CNc2ccc(S(=O)(=O)Nc3nc4ccccc4s3)cc2)c1O,[0 0 0 ... 0 0 0],0.83767986,1
Ezurpimtrostat,CC(C)(C)NC1CCN(c2cc(NCc3ccc(Cl)cc3)nc3ccccc23)CC1,[0 0 0 ... 0 0 0],0.8376353,1
"4-[4-(4-methoxyphenyl)-5-methyl-1H-pyrazol-3-yl]benzene-1,3-diol",COc1ccc(-c2c(-c3ccc(O)cc3O)n[nH]c2C)cc1,[0 0 0 ... 0 0 0],0.8375044,1
Desonide sodium phosphate,CC1(C)O[C@@H]2C[C@H]3[C@@H]4CCC5=CC(=O)C=C[C@]5(C)[C@H]4[C@@H](O)C[C@]3(C)[C@]2(C(=O)COP(=O)([O-])[O-])O1.[Na+].[Na+],[0 0 0 ... 0 0 0],0.8373109,1
Tannic acid,O=C(OC[C@H]1OC(OC(=O)c2cc(O)c(O)c(OC(=O)c3cc(O)c(O)c(O)c3)c2)[C@H](OC(=O)c2cc(O)c(O)c(OC(=O)c3cc(O)c(O)c(O)c3)c2)[C@@H](OC(=O)c2cc(O)c(O)c(OC(=O)c3cc(O)c(O)c(O)c3)c2)[C@@H]1OC(=O)c1cc(O)c(O)c(OC(=O)c2cc(O)c(O)c(O)c2)c1)c1cc(O)c(O)c(OC(=O)c2cc(O)c(O)c(O)c2)c1,[0 0 0 ... 0 0 0],0.83688134,1
AUROVERTIN B,CC[C@H]1O[C@]2(C)[C@H](OC(C)=O)[C@@]1(C)O[C@@H](/C=C/C=C/C=C/c1oc(=O)cc(OC)c1C)[C@@H]2O,[0 0 0 ... 0 0 0],0.8365805,1
Evans blue,Cc1cc(-c2ccc(/N=N/c3ccc4c(S(=O)(=O)[O-])cc(S(=O)(=O)O)c(N)c4c3[O-])c(C)c2)ccc1/N=N/c1ccc2c(S(=O)(=O)[O-])cc(S(=O)(=O)O)c(N)c2c1[O-].[Na+].[Na+].[Na+].[Na+],[0 0 0 ... 0 0 0],0.8365112,1
Atabecestat,C[C@@]1(c2cc(NC(=O)c3ccc(C#N)cn3)ccc2F)C=CSC(N)=N1,[0 0 0 ... 0 0 0],0.8364652,1
Lisaftoclax,O=C(NS(=O)(=O)c1ccc(NC[C@H]2COCCO2)c([N+](=O)[O-])c1)c1ccc(N2CCN(CC3=C(c4ccc(Cl)cc4)CC4(CCC4)CC3)CC2)cc1Oc1cnc2[nH]ccc2c1,[0 0 0 ... 0 0 0],0.83641994,1
R-348,C#CCOc1ccc(Nc2nc(Nc3ccc(C)c(S(=O)(=O)NC(=O)CC)c3)ncc2F)cc1,[0 0 0 ... 0 0 0],0.8363912,1
Fosgemcitabine palabenamide,CC(NP(=O)(OCC1OC(n2ccc(N)nc2=O)C(F)(F)C1O)Oc1ccccc1)C(=O)OCc1ccccc1,[0 1 0 ... 0 0 0],0.83626837,1
Gimatecan,CC[C@@]1(O)C(=O)OCc2c1cc1n(c2=O)Cc2c-1nc1ccccc1c2/C=N/OC(C)(C)C,[0 0 0 ... 0 0 0],0.8361125,1
Naphthyridine Inhibitor,Cc1cccc(C2=C(c3ccc4ncccc4n3)CNN2)n1,[0 1 0 ... 0 0 0],0.8357574,1
8-anilinonaphthalene-1-sulfonic acid,O=S(=O)(O)c1cccc2cccc(Nc3ccccc3)c12,[0 0 0 ... 0 0 0],0.8357548,1
Tyrphostin B56,N#C/C(=C\c1ccc(O)c(O)c1)C(=O)NCCCCc1ccccc1,[0 0 0 ... 0 0 0],0.8349508,1
1-(2-Amidinophenyl)-3-(Phenoxyphenyl)Urea,N=C(N)c1ccc(NC(=O)Nc2ccc(Oc3ccccc3)cc2)cc1,[0 0 0 ... 0 0 0],0.83485633,1
"3,8-Diamino-6-Phenyl-5-[6-[1-[2-[(1,2,3,4-Tetrahydro-9-Acridinyl)Amino]Ethyl]-1h-1,2,3-Triazol-4-Yl]Hexyl]-Phenanthridinium",Nc1ccc2c(c1)c(-c1ccccc1)[n+](CCCCCCc1cn(CCNc3c4c(nc5ccccc35)CCCC4)nn1)c1cc(N)ccc21,[0 0 0 ... 0 0 0],0.83480334,1
"4-[1-allyl-7-(trifluoromethyl)-1H-indazol-3-yl]benzene-1,3-diol",C=CCn1nc(-c2ccc(O)cc2O)c2cccc(C(F)(F)F)c21,[0 0 0 ... 0 0 0],0.83394736,1
"5,7-Dichlorokynurenic acid",O=C(O)c1cc(O)c2c(Cl)cc(Cl)cc2n1,[0 0 0 ... 0 0 0],0.83389264,1
Queuine,Nc1nc2[nH]cc(CN[C@H]3C=C[C@H](O)[C@@H]3O)c2c(=O)[nH]1,[0 0 0 ... 0 0 0],0.83354986,1
Netazepide,CNc1cccc(NC(=O)N[C@@H]2N=C(c3ccccn3)c3ccccc3N(CC(=O)C(C)(C)C)C2=O)c1,[0 0 0 ... 0 0 0],0.83317107,1
N-(2-(((5-CHLORO-2-PYRIDINYL)AMINO)SULFONYL)PHENYL)-4-(2-OXO-1(2H)-PYRIDINYL)BENZAMIDE,O=C(Nc1ccccc1S(=O)(=O)Nc1ccc(Cl)cn1)c1ccc(-n2ccccc2=O)cc1,[0 0 0 ... 0 0 0],0.83309245,1
Myxopyronin B,CCCC/C(C)=C/C=C(\C)C(=O)c1c(O)cc(CCC/C=C/NC(=O)OC)oc1=O,[0 0 0 ... 0 0 0],0.8326877,1
Epacadostat,NS(=O)(=O)NCCNc1nonc1/C(=N/O)Nc1ccc(F)c(Br)c1,[0 0 0 ... 0 0 0],0.83238584,1
"4-(4-methoxy-1H-pyrrolo[2,3-b]pyridin-3-yl)pyrimidin-2-amine",COc1ccnc2[nH]cc(-c3ccnc(N)n3)c12,[0 0 0 ... 0 0 0],0.8322988,1
Liotrix,N[C@@H](Cc1cc(I)c(Oc2cc(I)c(O)c(I)c2)c(I)c1)C(=O)[O-].N[C@@H](Cc1cc(I)c(Oc2ccc(O)c(I)c2)c(I)c1)C(=O)[O-].[Na+].[Na+],[1 1 0 ... 0 0 0],0.8322281,1
"[2-(1-amino-2-hydroxy-propyl)-4-(1H-indol-3-ylmethylene)-5-oxo-4,5-dihydro-imidazol-1-yl]-acetaldehyde",C[C@@H](O)[C@H](N)C1=N/C(=C\c2c[nH]c3ccccc23)C(=O)N1CC(=O)O,[0 1 0 ... 0 0 0],0.8322029,1
INHIBITOR Q8467 OF DUPONT MERCK,O=C(Nc1nccs1)c1cccc(CN2C(=O)N(CC3CC3)[C@H](Cc3ccccc3)[C@H](O)[C@@H](O)[C@H]2Cc2ccccc2)c1,[0 0 0 ... 0 0 0],0.832152,1
Melphalan,N[C@@H](Cc1ccc(N(CCCl)CCCl)cc1)C(=O)O,[0 1 0 ... 0 0 0],0.83113146,1
D3S-001,C=C(F)C(=O)N1CCN(c2nc(OC[C@@]34CCCN3C[C@H](F)C4)nc3c2CO[C@H](c2c(F)c(N)cc(C)c2C(F)(F)F)C3)C[C@@H]1CC#N,[0 0 0 ... 0 1 0],0.8308129,1
Nitrofural,NC(=O)N/N=C/c1ccc([N+](=O)[O-])o1,[0 0 0 ... 0 0 0],0.8306842,1
"4-{[(Z)-(5-oxo-2-phenyl-1,3-oxazol-4(5H)-ylidene)methyl]amino}butanoic acid",O=C(O)CCCNC=C1N=C(c2ccccc2)OC1=O,[0 0 0 ... 0 0 0],0.83065236,1
